DROP TABLE PLAYERTBL;
DROP TABLE TEAMTBL;
DROP TABLE HITTERTBL;
DROP TABLE PICTHERTBL;

CREATE TABLE PLAYERTBL 
(
  PLAYERNAME NVARCHAR2(10) NOT NULL 
, BIRTH DATE NOT NULL 
, TEAMNAME NVARCHAR2(15) NOT NULL 
, POSI NVARCHAR2(5) NOT NULL 
, DEBUT_YEAR NUMBER(4)
, CONSTRAINT PLAYERTBL_PK PRIMARY KEY 
  (
    PLAYERNAME 
  )
  ENABLE 
);

CREATE TABLE HITTERTBL 
(
  PLAYERNAME NVARCHAR2(10) NOT NULL 
, BATTING_AVERAGE NUMBER(10,3) NOT NULL 
, RBI NUMBER(3) NOT NULL 
, HOMERUN NUMBER(3) NOT NULL 
, STOLEN_BASE NUMBER(3) NOT NULL 
, CONSTRAINT HITTERTBL_PK PRIMARY KEY 
  (
    PLAYERNAME 
  )
  ENABLE 
);

CREATE TABLE PICTHERTBL 
(
  PLAYERNAME NVARCHAR2(10) NOT NULL 
, TOTAL_VICTORIES NUMBER(3) NOT NULL 
, EARNED_RUN NUMBER(5,2) NOT NULL 
, STRIKE_OUT NUMBER(3) NOT NULL 
, SAVES NUMBER(3) NOT NULL 
, CONSTRAINT PICTHERTBL_PK PRIMARY KEY 
  (
    PLAYERNAME 
  )
  ENABLE 
);

CREATE TABLE TEAMTBL 
(
  TEAMNAME NVARCHAR2(15) NOT NULL 
, WIN NUMBER(4) NOT NULL 
, LOSE NUMBER(4) NOT NULL 
, TIE NUMBER(4) NOT NULL 
, GAME_COUNT NUMBER(4) NOT NULL 
, CONSTRAINT TEAMTBL_PK PRIMARY KEY 
  (
    TEAMNAME 
  )
  ENABLE 
);


--선수
INSERT INTO PLAYERTBL (PLAYERNAME, BIRTH, TEAMNAME, POSI, DEBUT_YEAR) VALUES (N'김선빈', TO_DATE('1989-12-18 11:20:07', 'YYYY-MM-DD HH24:MI:SS'), N'KIA', N'타자', '2008');
INSERT INTO PLAYERTBL (PLAYERNAME, BIRTH, TEAMNAME, POSI, DEBUT_YEAR) VALUES (N'김주찬', TO_DATE('1981-03-25 00:00:00', 'YYYY-MM-DD HH24:MI:SS'), N'KIA', N'타자', '2013');
INSERT INTO PLAYERTBL (PLAYERNAME, BIRTH, TEAMNAME, POSI, DEBUT_YEAR) VALUES (N'나지완', TO_DATE('1985-05-19 00:00:00', 'YYYY-MM-DD HH24:MI:SS'), N'KIA', N'타자', '2008');
INSERT INTO PLAYERTBL (PLAYERNAME, BIRTH, TEAMNAME, POSI, DEBUT_YEAR) VALUES (N'류승현', TO_DATE('1997-07-01 00:00:00', 'YYYY-MM-DD HH24:MI:SS'), N'KIA', N'타자', '2016');
INSERT INTO PLAYERTBL (PLAYERNAME, BIRTH, TEAMNAME, POSI, DEBUT_YEAR) VALUES (N'박준태', TO_DATE('1991-07-26 00:00:00', 'YYYY-MM-DD HH24:MI:SS'), N'KIA', N'타자', '2014');
INSERT INTO PLAYERTBL (PLAYERNAME, BIRTH, TEAMNAME, POSI, DEBUT_YEAR) VALUES (N'박찬호', TO_DATE('1995-06-05 00:00:00', 'YYYY-MM-DD HH24:MI:SS'), N'KIA', N'타자', '2014');
INSERT INTO PLAYERTBL (PLAYERNAME, BIRTH, TEAMNAME, POSI, DEBUT_YEAR) VALUES (N'서동욱', TO_DATE('1984-03-21 00:00:00', 'YYYY-MM-DD HH24:MI:SS'), N'KIA', N'타자', '2003');
INSERT INTO PLAYERTBL (PLAYERNAME, BIRTH, TEAMNAME, POSI, DEBUT_YEAR) VALUES (N'안치홍', TO_DATE('1990-07-02 00:00:00', 'YYYY-MM-DD HH24:MI:SS'), N'KIA', N'타자', '2009');
INSERT INTO PLAYERTBL (PLAYERNAME, BIRTH, TEAMNAME, POSI, DEBUT_YEAR) VALUES (N'오선우', TO_DATE('1996-12-13 00:00:00', 'YYYY-MM-DD HH24:MI:SS'), N'KIA', N'타자', '2019');
INSERT INTO PLAYERTBL (PLAYERNAME, BIRTH, TEAMNAME, POSI, DEBUT_YEAR) VALUES (N'유민상', TO_DATE('1989-04-13 00:00:00', 'YYYY-MM-DD HH24:MI:SS'), N'KIA', N'타자', '2017');
INSERT INTO PLAYERTBL (PLAYERNAME, BIRTH, TEAMNAME, POSI, DEBUT_YEAR) VALUES (N'유재신', TO_DATE('1987-11-21 00:00:00', 'YYYY-MM-DD HH24:MI:SS'), N'KIA', N'타자', '2017');
INSERT INTO PLAYERTBL (PLAYERNAME, BIRTH, TEAMNAME, POSI, DEBUT_YEAR) VALUES (N'이우성', TO_DATE('1994-07-17 00:00:00', 'YYYY-MM-DD HH24:MI:SS'), N'KIA', N'타자', '2019');
INSERT INTO PLAYERTBL (PLAYERNAME, BIRTH, TEAMNAME, POSI, DEBUT_YEAR) VALUES (N'이창진', TO_DATE('1991-03-04 00:00:00', 'YYYY-MM-DD HH24:MI:SS'), N'KIA', N'타자', '2018');
INSERT INTO PLAYERTBL (PLAYERNAME, BIRTH, TEAMNAME, POSI, DEBUT_YEAR) VALUES (N'최원진', TO_DATE('1997-03-23 00:00:00', 'YYYY-MM-DD HH24:MI:SS'), N'KIA', N'타자', '2016');
INSERT INTO PLAYERTBL (PLAYERNAME, BIRTH, TEAMNAME, POSI, DEBUT_YEAR) VALUES (N'고영창', TO_DATE('1989-02-24 00:00:00', 'YYYY-MM-DD HH24:MI:SS'), N'KIA', N'투수', '2013');
INSERT INTO PLAYERTBL (PLAYERNAME, BIRTH, TEAMNAME, POSI, DEBUT_YEAR) VALUES (N'문경찬', TO_DATE('1992-07-08 00:00:00', 'YYYY-MM-DD HH24:MI:SS'), N'KIA', N'투수', '2015');
INSERT INTO PLAYERTBL (PLAYERNAME, BIRTH, TEAMNAME, POSI, DEBUT_YEAR) VALUES (N'박준표', TO_DATE('1992-06-26 00:00:00', 'YYYY-MM-DD HH24:MI:SS'), N'KIA', N'투수', '2013');
INSERT INTO PLAYERTBL (PLAYERNAME, BIRTH, TEAMNAME, POSI, DEBUT_YEAR) VALUES (N'박지훈', TO_DATE('1989-09-21 00:00:00', 'YYYY-MM-DD HH24:MI:SS'), N'KIA', N'투수', '2012');
INSERT INTO PLAYERTBL (PLAYERNAME, BIRTH, TEAMNAME, POSI, DEBUT_YEAR) VALUES (N'양현종', TO_DATE('1988-03-01 00:00:00', 'YYYY-MM-DD HH24:MI:SS'), N'KIA', N'투수', '2007');
INSERT INTO PLAYERTBL (PLAYERNAME, BIRTH, TEAMNAME, POSI, DEBUT_YEAR) VALUES (N'윌랜드', TO_DATE('1990-01-21 00:00:00', 'YYYY-MM-DD HH24:MI:SS'), N'KIA', N'투수', '2019');
INSERT INTO PLAYERTBL (PLAYERNAME, BIRTH, TEAMNAME, POSI, DEBUT_YEAR) VALUES (N'윤석민B', TO_DATE('1986-07-24 00:00:00', 'YYYY-MM-DD HH24:MI:SS'), N'KIA', N'투수', '2005');
INSERT INTO PLAYERTBL (PLAYERNAME, BIRTH, TEAMNAME, POSI, DEBUT_YEAR) VALUES (N'이민우', TO_DATE('1993-02-09 00:00:00', 'YYYY-MM-DD HH24:MI:SS'), N'KIA', N'투수', '2015');
INSERT INTO PLAYERTBL (PLAYERNAME, BIRTH, TEAMNAME, POSI, DEBUT_YEAR) VALUES (N'이준영', TO_DATE('1992-08-10 00:00:00', 'YYYY-MM-DD HH24:MI:SS'), N'KIA', N'투수', '2015');
INSERT INTO PLAYERTBL (PLAYERNAME, BIRTH, TEAMNAME, POSI, DEBUT_YEAR) VALUES (N'임기준', TO_DATE('1991-10-08 00:00:00', 'YYYY-MM-DD HH24:MI:SS'), N'KIA', N'투수', '2010');
INSERT INTO PLAYERTBL (PLAYERNAME, BIRTH, TEAMNAME, POSI, DEBUT_YEAR) VALUES (N'전상현', TO_DATE('1996-04-18 00:00:00', 'YYYY-MM-DD HH24:MI:SS'), N'KIA', N'투수', '2016');
INSERT INTO PLAYERTBL (PLAYERNAME, BIRTH, TEAMNAME, POSI, DEBUT_YEAR) VALUES (N'터너', TO_DATE('1991-05-21 00:00:00', 'YYYY-MM-DD HH24:MI:SS'), N'KIA', N'투수', '2019');
INSERT INTO PLAYERTBL (PLAYERNAME, BIRTH, TEAMNAME, POSI, DEBUT_YEAR) VALUES (N'하준영', TO_DATE('1999-09-04 00:00:00', 'YYYY-MM-DD HH24:MI:SS'), N'KIA', N'투수', '2018');
INSERT INTO PLAYERTBL (PLAYERNAME, BIRTH, TEAMNAME, POSI, DEBUT_YEAR) VALUES (N'한승혁', TO_DATE('1993-01-03 00:00:00', 'YYYY-MM-DD HH24:MI:SS'), N'KIA', N'투수', '2011');
INSERT INTO PLAYERTBL (PLAYERNAME, BIRTH, TEAMNAME, POSI, DEBUT_YEAR) VALUES (N'강민국', TO_DATE('1992-01-10 00:00:00', 'YYYY-MM-DD HH24:MI:SS'), N'KT', N'타자', '2014');
INSERT INTO PLAYERTBL (PLAYERNAME, BIRTH, TEAMNAME, POSI, DEBUT_YEAR) VALUES (N'강백호', TO_DATE('1999-07-29 00:00:00', 'YYYY-MM-DD HH24:MI:SS'), N'KT', N'타자', '2018');
INSERT INTO PLAYERTBL (PLAYERNAME, BIRTH, TEAMNAME, POSI) VALUES (N'김민혁', TO_DATE('1995-11-21 00:00:00', 'YYYY-MM-DD HH24:MI:SS'), N'KT', N'타자');
INSERT INTO PLAYERTBL (PLAYERNAME, BIRTH, TEAMNAME, POSI, DEBUT_YEAR) VALUES (N'멜로하스주니어', TO_DATE('1990-05-24 00:00:00', 'YYYY-MM-DD HH24:MI:SS'), N'KT', N'타자', '2017');
INSERT INTO PLAYERTBL (PLAYERNAME, BIRTH, TEAMNAME, POSI, DEBUT_YEAR) VALUES (N'박경수', TO_DATE('1984-03-31 00:00:00', 'YYYY-MM-DD HH24:MI:SS'), N'KT', N'타자', '2003');
INSERT INTO PLAYERTBL (PLAYERNAME, BIRTH, TEAMNAME, POSI, DEBUT_YEAR) VALUES (N'배정대', TO_DATE('1995-11-21 00:00:00', 'YYYY-MM-DD HH24:MI:SS'), N'KT', N'타자', '2014');
INSERT INTO PLAYERTBL (PLAYERNAME, BIRTH, TEAMNAME, POSI, DEBUT_YEAR) VALUES (N'송민섭', TO_DATE('1999-07-29 00:00:00', 'YYYY-MM-DD HH24:MI:SS'), N'KT', N'타자', '2018');
INSERT INTO PLAYERTBL (PLAYERNAME, BIRTH, TEAMNAME, POSI, DEBUT_YEAR) VALUES (N'심우준', TO_DATE('1995-04-28 00:00:00', 'YYYY-MM-DD HH24:MI:SS'), N'KT', N'타자', '2014');
INSERT INTO PLAYERTBL (PLAYERNAME, BIRTH, TEAMNAME, POSI, DEBUT_YEAR) VALUES (N'오태곤', TO_DATE('1991-11-18 00:00:00', 'YYYY-MM-DD HH24:MI:SS'), N'KT', N'타자', '2010');
INSERT INTO PLAYERTBL (PLAYERNAME, BIRTH, TEAMNAME, POSI, DEBUT_YEAR) VALUES (N'유한준', TO_DATE('1981-07-01 00:00:00', 'YYYY-MM-DD HH24:MI:SS'), N'KT', N'타자', '2004');
INSERT INTO PLAYERTBL (PLAYERNAME, BIRTH, TEAMNAME, POSI, DEBUT_YEAR) VALUES (N'윤석민A', TO_DATE('1985-09-04 00:00:00', 'YYYY-MM-DD HH24:MI:SS'), N'KT', N'타자', '2004');
INSERT INTO PLAYERTBL (PLAYERNAME, BIRTH, TEAMNAME, POSI, DEBUT_YEAR) VALUES (N'조용호', TO_DATE('1989-09-09 00:00:00', 'YYYY-MM-DD HH24:MI:SS'), N'KT', N'타자', '2014');
INSERT INTO PLAYERTBL (PLAYERNAME, BIRTH, TEAMNAME, POSI, DEBUT_YEAR) VALUES (N'황재균', TO_DATE('1987-07-28 00:00:00', 'YYYY-MM-DD HH24:MI:SS'), N'KT', N'타자', '2006');
INSERT INTO PLAYERTBL (PLAYERNAME, BIRTH, TEAMNAME, POSI, DEBUT_YEAR) VALUES (N'금민철', TO_DATE('1986-11-07 00:00:00', 'YYYY-MM-DD HH24:MI:SS'), N'KT', N'투수', '2005');
INSERT INTO PLAYERTBL (PLAYERNAME, BIRTH, TEAMNAME, POSI, DEBUT_YEAR) VALUES (N'김민', TO_DATE('1999-04-14 00:00:00', 'YYYY-MM-DD HH24:MI:SS'), N'KT', N'투수', '2018');
INSERT INTO PLAYERTBL (PLAYERNAME, BIRTH, TEAMNAME, POSI, DEBUT_YEAR) VALUES (N'김민수', TO_DATE('1992-07-24 00:00:00', 'YYYY-MM-DD HH24:MI:SS'), N'KT', N'투수', '2015');
INSERT INTO PLAYERTBL (PLAYERNAME, BIRTH, TEAMNAME, POSI, DEBUT_YEAR) VALUES (N'김재윤', TO_DATE('1990-09-16 00:00:00', 'YYYY-MM-DD HH24:MI:SS'), N'KT', N'투수', '2009');
INSERT INTO PLAYERTBL (PLAYERNAME, BIRTH, TEAMNAME, POSI, DEBUT_YEAR) VALUES (N'라울알칸타라', TO_DATE('1992-12-04 00:00:00', 'YYYY-MM-DD HH24:MI:SS'), N'KT', N'투수', '2009');
INSERT INTO PLAYERTBL (PLAYERNAME, BIRTH, TEAMNAME, POSI, DEBUT_YEAR) VALUES (N'배제성', TO_DATE('1996-09-29 00:00:00', 'YYYY-MM-DD HH24:MI:SS'), N'KT', N'투수', '2015');
INSERT INTO PLAYERTBL (PLAYERNAME, BIRTH, TEAMNAME, POSI, DEBUT_YEAR) VALUES (N'손동현', TO_DATE('2001-01-23 00:00:00', 'YYYY-MM-DD HH24:MI:SS'), N'KT', N'투수', '2019');
INSERT INTO PLAYERTBL (PLAYERNAME, BIRTH, TEAMNAME, POSI, DEBUT_YEAR) VALUES (N'엄상백', TO_DATE('1996-10-04 00:00:00', 'YYYY-MM-DD HH24:MI:SS'), N'KT', N'투수', '2015');
INSERT INTO PLAYERTBL (PLAYERNAME, BIRTH, TEAMNAME, POSI, DEBUT_YEAR) VALUES (N'윌리엄쿠에바스', TO_DATE('1990-10-14 00:00:00', 'YYYY-MM-DD HH24:MI:SS'), N'KT', N'투수', '2016');
INSERT INTO PLAYERTBL (PLAYERNAME, BIRTH, TEAMNAME, POSI, DEBUT_YEAR) VALUES (N'이대은', TO_DATE('1989-03-23 00:00:00', 'YYYY-MM-DD HH24:MI:SS'), N'KT', N'투수', '2007');
INSERT INTO PLAYERTBL (PLAYERNAME, BIRTH, TEAMNAME, POSI, DEBUT_YEAR) VALUES (N'전유수', TO_DATE('1986-11-29 00:00:00', 'YYYY-MM-DD HH24:MI:SS'), N'KT', N'투수', '2005');
INSERT INTO PLAYERTBL (PLAYERNAME, BIRTH, TEAMNAME, POSI, DEBUT_YEAR) VALUES (N'정성곤', TO_DATE('1996-07-10 00:00:00', 'YYYY-MM-DD HH24:MI:SS'), N'KT', N'투수', '2015');
INSERT INTO PLAYERTBL (PLAYERNAME, BIRTH, TEAMNAME, POSI, DEBUT_YEAR) VALUES (N'주권', TO_DATE('1995-05-31 00:00:00', 'YYYY-MM-DD HH24:MI:SS'), N'KT', N'투수', '2015');
INSERT INTO PLAYERTBL (PLAYERNAME, BIRTH, TEAMNAME, POSI, DEBUT_YEAR) VALUES (N'김민성', TO_DATE('1988-12-17 00:00:00', 'YYYY-MM-DD HH24:MI:SS'), N'LG', N'타자', '2019');
INSERT INTO PLAYERTBL (PLAYERNAME, BIRTH, TEAMNAME, POSI, DEBUT_YEAR) VALUES (N'김현수', TO_DATE('1988-01-12 00:00:00', 'YYYY-MM-DD HH24:MI:SS'), N'LG', N'타자', '2018');
INSERT INTO PLAYERTBL (PLAYERNAME, BIRTH, TEAMNAME, POSI, DEBUT_YEAR) VALUES (N'박용택', TO_DATE('1979-04-21 00:00:00', 'YYYY-MM-DD HH24:MI:SS'), N'LG', N'타자', '2002');
INSERT INTO PLAYERTBL (PLAYERNAME, BIRTH, TEAMNAME, POSI, DEBUT_YEAR) VALUES (N'오지환', TO_DATE('1990-03-12 00:00:00', 'YYYY-MM-DD HH24:MI:SS'), N'LG', N'타자', '2009');
INSERT INTO PLAYERTBL (PLAYERNAME, BIRTH, TEAMNAME, POSI, DEBUT_YEAR) VALUES (N'이천웅', TO_DATE('1988-10-20 00:00:00', 'YYYY-MM-DD HH24:MI:SS'), N'LG', N'타자', '2011');
INSERT INTO PLAYERTBL (PLAYERNAME, BIRTH, TEAMNAME, POSI, DEBUT_YEAR) VALUES (N'이형종', TO_DATE('1989-04-07 00:00:00', 'YYYY-MM-DD HH24:MI:SS'), N'LG', N'타자', '2008');
INSERT INTO PLAYERTBL (PLAYERNAME, BIRTH, TEAMNAME, POSI, DEBUT_YEAR) VALUES (N'정주현', TO_DATE('1990-10-13 00:00:00', 'YYYY-MM-DD HH24:MI:SS'), N'LG', N'타자', '2009');
INSERT INTO PLAYERTBL (PLAYERNAME, BIRTH, TEAMNAME, POSI, DEBUT_YEAR) VALUES (N'채은성', TO_DATE('1990-02-06 00:00:00', 'YYYY-MM-DD HH24:MI:SS'), N'LG', N'타자', '2009');
INSERT INTO PLAYERTBL (PLAYERNAME, BIRTH, TEAMNAME, POSI, DEBUT_YEAR) VALUES (N'고우석', TO_DATE('1998-08-06 00:00:00', 'YYYY-MM-DD HH24:MI:SS'), N'LG', N'투수', '2017');
INSERT INTO PLAYERTBL (PLAYERNAME, BIRTH, TEAMNAME, POSI, DEBUT_YEAR) VALUES (N'김대현', TO_DATE('1991-03-08 00:00:00', 'YYYY-MM-DD HH24:MI:SS'), N'LG', N'투수', '2016');
INSERT INTO PLAYERTBL (PLAYERNAME, BIRTH, TEAMNAME, POSI, DEBUT_YEAR) VALUES (N'윌슨', TO_DATE('1989-09-25 00:00:00', 'YYYY-MM-DD HH24:MI:SS'), N'LG', N'투수', '2018');
INSERT INTO PLAYERTBL (PLAYERNAME, BIRTH, TEAMNAME, POSI, DEBUT_YEAR) VALUES (N'임찬규', TO_DATE('1992-11-20 00:00:00', 'YYYY-MM-DD HH24:MI:SS'), N'LG', N'투수', '2011');
INSERT INTO PLAYERTBL (PLAYERNAME, BIRTH, TEAMNAME, POSI, DEBUT_YEAR) VALUES (N'정우영', TO_DATE('1999-08-19 00:00:00', 'YYYY-MM-DD HH24:MI:SS'), N'LG', N'투수', '2019');
INSERT INTO PLAYERTBL (PLAYERNAME, BIRTH, TEAMNAME, POSI, DEBUT_YEAR) VALUES (N'진해수', TO_DATE('1986-06-26 00:00:00', 'YYYY-MM-DD HH24:MI:SS'), N'LG', N'투수', '2015');
INSERT INTO PLAYERTBL (PLAYERNAME, BIRTH, TEAMNAME, POSI, DEBUT_YEAR) VALUES (N'차우찬', TO_DATE('1987-05-31 00:00:00', 'YYYY-MM-DD HH24:MI:SS'), N'LG', N'투수', '2017');
INSERT INTO PLAYERTBL (PLAYERNAME, BIRTH, TEAMNAME, POSI, DEBUT_YEAR) VALUES (N'켈리', TO_DATE('1989-10-04 00:00:00', 'YYYY-MM-DD HH24:MI:SS'), N'LG', N'투수', '2019');
INSERT INTO PLAYERTBL (PLAYERNAME, BIRTH, TEAMNAME, POSI, DEBUT_YEAR) VALUES (N'강진성', TO_DATE('1993-10-19 00:00:00', 'YYYY-MM-DD HH24:MI:SS'), N'NC', N'타자', '2011');
INSERT INTO PLAYERTBL (PLAYERNAME, BIRTH, TEAMNAME, POSI, DEBUT_YEAR) VALUES (N'권희동', TO_DATE('1990-12-30 00:00:00', 'YYYY-MM-DD HH24:MI:SS'), N'NC', N'타자', '2012');
INSERT INTO PLAYERTBL (PLAYERNAME, BIRTH, TEAMNAME, POSI, DEBUT_YEAR) VALUES (N'김성욱', TO_DATE('1993-05-01 00:00:00', 'YYYY-MM-DD HH24:MI:SS'), N'NC', N'타자', '2012');
INSERT INTO PLAYERTBL (PLAYERNAME, BIRTH, TEAMNAME, POSI, DEBUT_YEAR) VALUES (N'김태진', TO_DATE('1995-10-07 00:00:00', 'YYYY-MM-DD HH24:MI:SS'), N'NC', N'타자', '2014');
INSERT INTO PLAYERTBL (PLAYERNAME, BIRTH, TEAMNAME, POSI, DEBUT_YEAR) VALUES (N'나성범', TO_DATE('1989-10-03 00:00:00', 'YYYY-MM-DD HH24:MI:SS'), N'NC', N'타자', '2012');
INSERT INTO PLAYERTBL (PLAYERNAME, BIRTH, TEAMNAME, POSI, DEBUT_YEAR) VALUES (N'노진혁', TO_DATE('1989-07-15 00:00:00', 'YYYY-MM-DD HH24:MI:SS'), N'NC', N'타자', '2012');
INSERT INTO PLAYERTBL (PLAYERNAME, BIRTH, TEAMNAME, POSI, DEBUT_YEAR) VALUES (N'모창민', TO_DATE('1985-05-08 00:00:00', 'YYYY-MM-DD HH24:MI:SS'), N'NC', N'타자', '2008');
INSERT INTO PLAYERTBL (PLAYERNAME, BIRTH, TEAMNAME, POSI, DEBUT_YEAR) VALUES (N'박석민', TO_DATE('1985-06-22 00:00:00', 'YYYY-MM-DD HH24:MI:SS'), N'NC', N'타자', '2004');
INSERT INTO PLAYERTBL (PLAYERNAME, BIRTH, TEAMNAME, POSI, DEBUT_YEAR) VALUES (N'손시헌', TO_DATE('1980-10-19 00:00:00', 'YYYY-MM-DD HH24:MI:SS'), N'NC', N'타자', '2003');
INSERT INTO PLAYERTBL (PLAYERNAME, BIRTH, TEAMNAME, POSI, DEBUT_YEAR) VALUES (N'강윤구', TO_DATE('1990-05-18 00:00:00', 'YYYY-MM-DD HH24:MI:SS'), N'NC', N'투수', '2009');
INSERT INTO PLAYERTBL (PLAYERNAME, BIRTH, TEAMNAME, POSI, DEBUT_YEAR) VALUES (N'구창모', TO_DATE('1997-02-17 00:00:00', 'YYYY-MM-DD HH24:MI:SS'), N'NC', N'투수', '2015');
INSERT INTO PLAYERTBL (PLAYERNAME, BIRTH, TEAMNAME, POSI, DEBUT_YEAR) VALUES (N'김영규', TO_DATE('2000-02-10 00:00:00', 'YYYY-MM-DD HH24:MI:SS'), N'NC', N'투수', '2018');
INSERT INTO PLAYERTBL (PLAYERNAME, BIRTH, TEAMNAME, POSI, DEBUT_YEAR) VALUES (N'김진성', TO_DATE('1985-03-07 00:00:00', 'YYYY-MM-DD HH24:MI:SS'), N'NC', N'투수', '2004');
INSERT INTO PLAYERTBL (PLAYERNAME, BIRTH, TEAMNAME, POSI, DEBUT_YEAR) VALUES (N'드류루신스키', TO_DATE('1988-12-30 00:00:00', 'YYYY-MM-DD HH24:MI:SS'), N'NC', N'투수', '2014');
INSERT INTO PLAYERTBL (PLAYERNAME, BIRTH, TEAMNAME, POSI, DEBUT_YEAR) VALUES (N'박진우', TO_DATE('1990-02-12 00:00:00', 'YYYY-MM-DD HH24:MI:SS'), N'NC', N'투수', '2013');
INSERT INTO PLAYERTBL (PLAYERNAME, BIRTH, TEAMNAME, POSI, DEBUT_YEAR) VALUES (N'배재환', TO_DATE('1995-02-24 00:00:00', 'YYYY-MM-DD HH24:MI:SS'), N'NC', N'투수', '2013');
INSERT INTO PLAYERTBL (PLAYERNAME, BIRTH, TEAMNAME, POSI, DEBUT_YEAR) VALUES (N'원종현', TO_DATE('1987-07-31 00:00:00', 'YYYY-MM-DD HH24:MI:SS'), N'NC', N'투수', '2006');
INSERT INTO PLAYERTBL (PLAYERNAME, BIRTH, TEAMNAME, POSI, DEBUT_YEAR) VALUES (N'이민호', TO_DATE('1993-08-11 00:00:00', 'YYYY-MM-DD HH24:MI:SS'), N'NC', N'투수', '2012');
INSERT INTO PLAYERTBL (PLAYERNAME, BIRTH, TEAMNAME, POSI, DEBUT_YEAR) VALUES (N'고종욱', TO_DATE('1989-01-11 00:00:00', 'YYYY-MM-DD HH24:MI:SS'), N'SK', N'타자', '2011');
INSERT INTO PLAYERTBL (PLAYERNAME, BIRTH, TEAMNAME, POSI) VALUES (N'김강민', TO_DATE('1982-09-13 00:00:00', 'YYYY-MM-DD HH24:MI:SS'), N'SK', N'타자');
INSERT INTO PLAYERTBL (PLAYERNAME, BIRTH, TEAMNAME, POSI, DEBUT_YEAR) VALUES (N'김성현', TO_DATE('1987-03-09 00:00:00', 'YYYY-MM-DD HH24:MI:SS'), N'SK', N'타자', '2006');
INSERT INTO PLAYERTBL (PLAYERNAME, BIRTH, TEAMNAME, POSI, DEBUT_YEAR) VALUES (N'정의윤', TO_DATE('1986-07-25 00:00:00', 'YYYY-MM-DD HH24:MI:SS'), N'SK', N'타자', '2005');
INSERT INTO PLAYERTBL (PLAYERNAME, BIRTH, TEAMNAME, POSI, DEBUT_YEAR) VALUES (N'제이미로맥', TO_DATE('1985-09-30 00:00:00', 'YYYY-MM-DD HH24:MI:SS'), N'SK', N'타자', '2014');
INSERT INTO PLAYERTBL (PLAYERNAME, BIRTH, TEAMNAME, POSI) VALUES (N'최정', TO_DATE('1987-02-28 00:00:00', 'YYYY-MM-DD HH24:MI:SS'), N'SK', N'타자');
INSERT INTO PLAYERTBL (PLAYERNAME, BIRTH, TEAMNAME, POSI, DEBUT_YEAR) VALUES (N'한동민', TO_DATE('1989-08-09 00:00:00', 'YYYY-MM-DD HH24:MI:SS'), N'SK', N'타자', '2012');
INSERT INTO PLAYERTBL (PLAYERNAME, BIRTH, TEAMNAME, POSI, DEBUT_YEAR) VALUES (N'김광현', TO_DATE('1988-07-22 00:00:00', 'YYYY-MM-DD HH24:MI:SS'), N'SK', N'투수', '2007');
INSERT INTO PLAYERTBL (PLAYERNAME, BIRTH, TEAMNAME, POSI, DEBUT_YEAR) VALUES (N'김태훈', TO_DATE('1990-05-19 00:00:00', 'YYYY-MM-DD HH24:MI:SS'), N'SK', N'투수', '2009');
INSERT INTO PLAYERTBL (PLAYERNAME, BIRTH, TEAMNAME, POSI, DEBUT_YEAR) VALUES (N'문승원', TO_DATE('1989-11-28 00:00:00', 'YYYY-MM-DD HH24:MI:SS'), N'SK', N'투수', '2012');
INSERT INTO PLAYERTBL (PLAYERNAME, BIRTH, TEAMNAME, POSI, DEBUT_YEAR) VALUES (N'박종훈', TO_DATE('1991-08-13 00:00:00', 'YYYY-MM-DD HH24:MI:SS'), N'SK', N'투수', '2010');
INSERT INTO PLAYERTBL (PLAYERNAME, BIRTH, TEAMNAME, POSI, DEBUT_YEAR) VALUES (N'서진용', TO_DATE('1992-10-02 00:00:00', 'YYYY-MM-DD HH24:MI:SS'), N'SK', N'투수', '2011');
INSERT INTO PLAYERTBL (PLAYERNAME, BIRTH, TEAMNAME, POSI, DEBUT_YEAR) VALUES (N'앙헬산체스', TO_DATE('1989-11-28 00:00:00', 'YYYY-MM-DD HH24:MI:SS'), N'SK', N'투수', '2017');
INSERT INTO PLAYERTBL (PLAYERNAME, BIRTH, TEAMNAME, POSI, DEBUT_YEAR) VALUES (N'하재훈', TO_DATE('1990-10-29 00:00:00', 'YYYY-MM-DD HH24:MI:SS'), N'SK', N'투수', '2008');
INSERT INTO PLAYERTBL (PLAYERNAME, BIRTH, TEAMNAME, POSI, DEBUT_YEAR) VALUES (N'김재호', TO_DATE('1985-03-21 00:00:00', 'YYYY-MM-DD HH24:MI:SS'), N'두산', N'타자', '2004');
INSERT INTO PLAYERTBL (PLAYERNAME, BIRTH, TEAMNAME, POSI, DEBUT_YEAR) VALUES (N'김재환', TO_DATE('1988-09-22 00:00:00', 'YYYY-MM-DD HH24:MI:SS'), N'두산', N'타자', '2008');
INSERT INTO PLAYERTBL (PLAYERNAME, BIRTH, TEAMNAME, POSI, DEBUT_YEAR) VALUES (N'류지혁', TO_DATE('1994-01-13 00:00:00', 'YYYY-MM-DD HH24:MI:SS'), N'두산', N'타자', '2012');
INSERT INTO PLAYERTBL (PLAYERNAME, BIRTH, TEAMNAME, POSI, DEBUT_YEAR) VALUES (N'박건우', TO_DATE('1990-09-08 00:00:00', 'YYYY-MM-DD HH24:MI:SS'), N'두산', N'타자', '2009');
INSERT INTO PLAYERTBL (PLAYERNAME, BIRTH, TEAMNAME, POSI, DEBUT_YEAR) VALUES (N'오재일', TO_DATE('1986-10-29 00:00:00', 'YYYY-MM-DD HH24:MI:SS'), N'두산', N'타자', '2005');
INSERT INTO PLAYERTBL (PLAYERNAME, BIRTH, TEAMNAME, POSI, DEBUT_YEAR) VALUES (N'정진호', TO_DATE('1988-10-02 00:00:00', 'YYYY-MM-DD HH24:MI:SS'), N'두산', N'타자', '2011');
INSERT INTO PLAYERTBL (PLAYERNAME, BIRTH, TEAMNAME, POSI, DEBUT_YEAR) VALUES (N'최주환', TO_DATE('1988-02-28 00:00:00', 'YYYY-MM-DD HH24:MI:SS'), N'두산', N'타자', '2006');
INSERT INTO PLAYERTBL (PLAYERNAME, BIRTH, TEAMNAME, POSI) VALUES (N'페르난데스', TO_DATE('1988-04-27 00:00:00', 'YYYY-MM-DD HH24:MI:SS'), N'두산', N'타자');
INSERT INTO PLAYERTBL (PLAYERNAME, BIRTH, TEAMNAME, POSI, DEBUT_YEAR) VALUES (N'허경민', TO_DATE('1990-08-26 00:00:00', 'YYYY-MM-DD HH24:MI:SS'), N'두산', N'타자', '2009');
INSERT INTO PLAYERTBL (PLAYERNAME, BIRTH, TEAMNAME, POSI, DEBUT_YEAR) VALUES (N'권혁', TO_DATE('1983-11-06 00:00:00', 'YYYY-MM-DD HH24:MI:SS'), N'두산', N'투수', '2002');
INSERT INTO PLAYERTBL (PLAYERNAME, BIRTH, TEAMNAME, POSI, DEBUT_YEAR) VALUES (N'김승회', TO_DATE('1981-02-11 00:00:00', 'YYYY-MM-DD HH24:MI:SS'), N'두산', N'투수', '2003');
INSERT INTO PLAYERTBL (PLAYERNAME, BIRTH, TEAMNAME, POSI, DEBUT_YEAR) VALUES (N'박치국', TO_DATE('1998-03-10 00:00:00', 'YYYY-MM-DD HH24:MI:SS'), N'두산', N'투수', '2017');
INSERT INTO PLAYERTBL (PLAYERNAME, BIRTH, TEAMNAME, POSI, DEBUT_YEAR) VALUES (N'세스후랭코프', TO_DATE('1988-08-27 00:00:00', 'YYYY-MM-DD HH24:MI:SS'), N'두산', N'투수', '2017');
INSERT INTO PLAYERTBL (PLAYERNAME, BIRTH, TEAMNAME, POSI, DEBUT_YEAR) VALUES (N'유희관', TO_DATE('1986-06-01 00:00:00', 'YYYY-MM-DD HH24:MI:SS'), N'두산', N'투수', '2009');
INSERT INTO PLAYERTBL (PLAYERNAME, BIRTH, TEAMNAME, POSI, DEBUT_YEAR) VALUES (N'윤명준', TO_DATE('1989-06-18 00:00:00', 'YYYY-MM-DD HH24:MI:SS'), N'두산', N'투수', '2012');
INSERT INTO PLAYERTBL (PLAYERNAME, BIRTH, TEAMNAME, POSI, DEBUT_YEAR) VALUES (N'이영하', TO_DATE('1997-11-01 00:00:00', 'YYYY-MM-DD HH24:MI:SS'), N'두산', N'투수', '2016');
INSERT INTO PLAYERTBL (PLAYERNAME, BIRTH, TEAMNAME, POSI, DEBUT_YEAR) VALUES (N'조쉬린드블럼', TO_DATE('1987-06-15 00:00:00', 'YYYY-MM-DD HH24:MI:SS'), N'두산', N'투수', '2011');
INSERT INTO PLAYERTBL (PLAYERNAME, BIRTH, TEAMNAME, POSI, DEBUT_YEAR) VALUES (N'함덕주', TO_DATE('1995-01-13 00:00:00', 'YYYY-MM-DD HH24:MI:SS'), N'두산', N'투수', '2013');
INSERT INTO PLAYERTBL (PLAYERNAME, BIRTH, TEAMNAME, POSI, DEBUT_YEAR) VALUES (N'강로한', TO_DATE('1992-05-13 00:00:00', 'YYYY-MM-DD HH24:MI:SS'), N'롯데', N'타자', '2015');
INSERT INTO PLAYERTBL (PLAYERNAME, BIRTH, TEAMNAME, POSI, DEBUT_YEAR) VALUES (N'민병헌', TO_DATE('1987-03-10 00:00:00', 'YYYY-MM-DD HH24:MI:SS'), N'롯데', N'타자', '2006');
INSERT INTO PLAYERTBL (PLAYERNAME, BIRTH, TEAMNAME, POSI, DEBUT_YEAR) VALUES (N'손아섭', TO_DATE('1988-03-18 00:00:00', 'YYYY-MM-DD HH24:MI:SS'), N'롯데', N'타자', '2007');
INSERT INTO PLAYERTBL (PLAYERNAME, BIRTH, TEAMNAME, POSI) VALUES (N'이대호', TO_DATE('1982-06-21 00:00:00', 'YYYY-MM-DD HH24:MI:SS'), N'롯데', N'타자');
INSERT INTO PLAYERTBL (PLAYERNAME, BIRTH, TEAMNAME, POSI) VALUES (N'전준우', TO_DATE('1986-02-25 00:00:00', 'YYYY-MM-DD HH24:MI:SS'), N'롯데', N'타자');
INSERT INTO PLAYERTBL (PLAYERNAME, BIRTH, TEAMNAME, POSI) VALUES (N'제이콥윌슨', TO_DATE('1990-07-29 00:00:00', 'YYYY-MM-DD HH24:MI:SS'), N'롯데', N'타자');
INSERT INTO PLAYERTBL (PLAYERNAME, BIRTH, TEAMNAME, POSI, DEBUT_YEAR) VALUES (N'채태인', TO_DATE('1982-10-11 00:00:00', 'YYYY-MM-DD HH24:MI:SS'), N'롯데', N'타자', '2001');
INSERT INTO PLAYERTBL (PLAYERNAME, BIRTH, TEAMNAME, POSI, DEBUT_YEAR) VALUES (N'한동희', TO_DATE('1999-06-01 00:00:00', 'YYYY-MM-DD HH24:MI:SS'), N'롯데', N'타자', '2018');
INSERT INTO PLAYERTBL (PLAYERNAME, BIRTH, TEAMNAME, POSI, DEBUT_YEAR) VALUES (N'고효준', TO_DATE('1983-02-08 00:00:00', 'YYYY-MM-DD HH24:MI:SS'), N'롯데', N'투수', '2002');
INSERT INTO PLAYERTBL (PLAYERNAME, BIRTH, TEAMNAME, POSI, DEBUT_YEAR) VALUES (N'구승민', TO_DATE('1990-06-12 00:00:00', 'YYYY-MM-DD HH24:MI:SS'), N'롯데', N'투수', '2013');
INSERT INTO PLAYERTBL (PLAYERNAME, BIRTH, TEAMNAME, POSI, DEBUT_YEAR) VALUES (N'박시영', TO_DATE('1989-03-10 00:00:00', 'YYYY-MM-DD HH24:MI:SS'), N'롯데', N'투수', '2008');
INSERT INTO PLAYERTBL (PLAYERNAME, BIRTH, TEAMNAME, POSI, DEBUT_YEAR) VALUES (N'브룩스레일리', TO_DATE('1988-06-29 00:00:00', 'YYYY-MM-DD HH24:MI:SS'), N'롯데', N'투수', '2012');
INSERT INTO PLAYERTBL (PLAYERNAME, BIRTH, TEAMNAME, POSI) VALUES (N'손승락', TO_DATE('1982-03-04 00:00:00', 'YYYY-MM-DD HH24:MI:SS'), N'롯데', N'투수');
INSERT INTO PLAYERTBL (PLAYERNAME, BIRTH, TEAMNAME, POSI, DEBUT_YEAR) VALUES (N'장시환', TO_DATE('1987-11-01 00:00:00', 'YYYY-MM-DD HH24:MI:SS'), N'롯데', N'투수', '2007');
INSERT INTO PLAYERTBL (PLAYERNAME, BIRTH, TEAMNAME, POSI, DEBUT_YEAR) VALUES (N'정성종', TO_DATE('1995-11-16 00:00:00', 'YYYY-MM-DD HH24:MI:SS'), N'롯데', N'투수', '2018');
INSERT INTO PLAYERTBL (PLAYERNAME, BIRTH, TEAMNAME, POSI, DEBUT_YEAR) VALUES (N'진명호', TO_DATE('1989-03-20 00:00:00', 'YYYY-MM-DD HH24:MI:SS'), N'롯데', N'투수', '2009');
INSERT INTO PLAYERTBL (PLAYERNAME, BIRTH, TEAMNAME, POSI, DEBUT_YEAR) VALUES (N'구자욱', TO_DATE('1993-02-12 00:00:00', 'YYYY-MM-DD HH24:MI:SS'), N'삼성', N'타자', '2012');
INSERT INTO PLAYERTBL (PLAYERNAME, BIRTH, TEAMNAME, POSI, DEBUT_YEAR) VALUES (N'김동엽', TO_DATE('1990-07-24 00:00:00', 'YYYY-MM-DD HH24:MI:SS'), N'삼성', N'타자', '2009');
INSERT INTO PLAYERTBL (PLAYERNAME, BIRTH, TEAMNAME, POSI) VALUES (N'김상수A', TO_DATE('1990-03-23 00:00:00', 'YYYY-MM-DD HH24:MI:SS'), N'삼성', N'타자');
INSERT INTO PLAYERTBL (PLAYERNAME, BIRTH, TEAMNAME, POSI, DEBUT_YEAR) VALUES (N'김성훈', TO_DATE('1993-10-27 00:00:00', 'YYYY-MM-DD HH24:MI:SS'), N'삼성', N'타자', '2016');
INSERT INTO PLAYERTBL (PLAYERNAME, BIRTH, TEAMNAME, POSI, DEBUT_YEAR) VALUES (N'김헌곤', TO_DATE('1988-11-09 00:00:00', 'YYYY-MM-DD HH24:MI:SS'), N'삼성', N'타자', '2011');
INSERT INTO PLAYERTBL (PLAYERNAME, BIRTH, TEAMNAME, POSI, DEBUT_YEAR) VALUES (N'다린러프', TO_DATE('1986-07-28 00:00:00', 'YYYY-MM-DD HH24:MI:SS'), N'삼성', N'타자', '2012');
INSERT INTO PLAYERTBL (PLAYERNAME, BIRTH, TEAMNAME, POSI, DEBUT_YEAR) VALUES (N'박해민', TO_DATE('1990-02-24 00:00:00', 'YYYY-MM-DD HH24:MI:SS'), N'삼성', N'타자', '2012');
INSERT INTO PLAYERTBL (PLAYERNAME, BIRTH, TEAMNAME, POSI, DEBUT_YEAR) VALUES (N'이원석', TO_DATE('1986-10-21 00:00:00', 'YYYY-MM-DD HH24:MI:SS'), N'삼성', N'타자', '2005');
INSERT INTO PLAYERTBL (PLAYERNAME, BIRTH, TEAMNAME, POSI, DEBUT_YEAR) VALUES (N'이학주', TO_DATE('1990-11-04 00:00:00', 'YYYY-MM-DD HH24:MI:SS'), N'삼성', N'타자', '2009');
INSERT INTO PLAYERTBL (PLAYERNAME, BIRTH, TEAMNAME, POSI, DEBUT_YEAR) VALUES (N'최영진', TO_DATE('1988-05-10 00:00:00', 'YYYY-MM-DD HH24:MI:SS'), N'삼성', N'타자', '2011');
INSERT INTO PLAYERTBL (PLAYERNAME, BIRTH, TEAMNAME, POSI, DEBUT_YEAR) VALUES (N'권오준', TO_DATE('1980-03-09 00:00:00', 'YYYY-MM-DD HH24:MI:SS'), N'삼성', N'투수', '1999');
INSERT INTO PLAYERTBL (PLAYERNAME, BIRTH, TEAMNAME, POSI, DEBUT_YEAR) VALUES (N'백정현', TO_DATE('1987-07-13 00:00:00', 'YYYY-MM-DD HH24:MI:SS'), N'삼성', N'투수', '2007');
INSERT INTO PLAYERTBL (PLAYERNAME, BIRTH, TEAMNAME, POSI, DEBUT_YEAR) VALUES (N'우규민', TO_DATE('1985-01-21 00:00:00', 'YYYY-MM-DD HH24:MI:SS'), N'삼성', N'투수', '2003');
INSERT INTO PLAYERTBL (PLAYERNAME, BIRTH, TEAMNAME, POSI, DEBUT_YEAR) VALUES (N'원태인', TO_DATE('2000-04-06 00:00:00', 'YYYY-MM-DD HH24:MI:SS'), N'삼성', N'투수', '2019');
INSERT INTO PLAYERTBL (PLAYERNAME, BIRTH, TEAMNAME, POSI, DEBUT_YEAR) VALUES (N'윤성환', TO_DATE('1981-10-08 00:00:00', 'YYYY-MM-DD HH24:MI:SS'), N'삼성', N'투수', '2004');
INSERT INTO PLAYERTBL (PLAYERNAME, BIRTH, TEAMNAME, POSI, DEBUT_YEAR) VALUES (N'임현준', TO_DATE('1988-12-21 00:00:00', 'YYYY-MM-DD HH24:MI:SS'), N'삼성', N'투수', '2011');
INSERT INTO PLAYERTBL (PLAYERNAME, BIRTH, TEAMNAME, POSI, DEBUT_YEAR) VALUES (N'장필준', TO_DATE('1988-04-08 00:00:00', 'YYYY-MM-DD HH24:MI:SS'), N'삼성', N'투수', '2008');
INSERT INTO PLAYERTBL (PLAYERNAME, BIRTH, TEAMNAME, POSI, DEBUT_YEAR) VALUES (N'최지광', TO_DATE('1998-03-13 00:00:00', 'YYYY-MM-DD HH24:MI:SS'), N'삼성', N'투수', '2016');
INSERT INTO PLAYERTBL (PLAYERNAME, BIRTH, TEAMNAME, POSI, DEBUT_YEAR) VALUES (N'최채흥', TO_DATE('1995-01-22 00:00:00', 'YYYY-MM-DD HH24:MI:SS'), N'삼성', N'투수', '2018');
INSERT INTO PLAYERTBL (PLAYERNAME, BIRTH, TEAMNAME, POSI, DEBUT_YEAR) VALUES (N'최충연', TO_DATE('1997-03-05 00:00:00', 'YYYY-MM-DD HH24:MI:SS'), N'삼성', N'투수', '2016');
INSERT INTO PLAYERTBL (PLAYERNAME, BIRTH, TEAMNAME, POSI, DEBUT_YEAR) VALUES (N'김혜성', TO_DATE('1999-01-27 00:00:00', 'YYYY-MM-DD HH24:MI:SS'), N'키움', N'타자', '2017');
INSERT INTO PLAYERTBL (PLAYERNAME, BIRTH, TEAMNAME, POSI) VALUES (N'박병호', TO_DATE('1986-07-10 00:00:00', 'YYYY-MM-DD HH24:MI:SS'), N'키움', N'타자');
INSERT INTO PLAYERTBL (PLAYERNAME, BIRTH, TEAMNAME, POSI, DEBUT_YEAR) VALUES (N'박정음', TO_DATE('1989-04-15 00:00:00', 'YYYY-MM-DD HH24:MI:SS'), N'키움', N'타자', '2012');
INSERT INTO PLAYERTBL (PLAYERNAME, BIRTH, TEAMNAME, POSI, DEBUT_YEAR) VALUES (N'서건창', TO_DATE('1989-08-22 00:00:00', 'YYYY-MM-DD HH24:MI:SS'), N'키움', N'타자', '2008');
INSERT INTO PLAYERTBL (PLAYERNAME, BIRTH, TEAMNAME, POSI, DEBUT_YEAR) VALUES (N'송성문', TO_DATE('1996-08-29 00:00:00', 'YYYY-MM-DD HH24:MI:SS'), N'키움', N'타자', '2015');
INSERT INTO PLAYERTBL (PLAYERNAME, BIRTH, TEAMNAME, POSI) VALUES (N'이정후', TO_DATE('1998-08-20 00:00:00', 'YYYY-MM-DD HH24:MI:SS'), N'키움', N'타자');
INSERT INTO PLAYERTBL (PLAYERNAME, BIRTH, TEAMNAME, POSI, DEBUT_YEAR) VALUES (N'임병욱', TO_DATE('1995-09-30 00:00:00', 'YYYY-MM-DD HH24:MI:SS'), N'키움', N'타자', '2014');
INSERT INTO PLAYERTBL (PLAYERNAME, BIRTH, TEAMNAME, POSI, DEBUT_YEAR) VALUES (N'장영석', TO_DATE('1990-05-14 00:00:00', 'YYYY-MM-DD HH24:MI:SS'), N'키움', N'타자', '2009');
INSERT INTO PLAYERTBL (PLAYERNAME, BIRTH, TEAMNAME, POSI, DEBUT_YEAR) VALUES (N'제리샌즈', TO_DATE('1987-09-28 00:00:00', 'YYYY-MM-DD HH24:MI:SS'), N'키움', N'타자', '2011');
INSERT INTO PLAYERTBL (PLAYERNAME, BIRTH, TEAMNAME, POSI, DEBUT_YEAR) VALUES (N'허정협', TO_DATE('1990-02-17 00:00:00', 'YYYY-MM-DD HH24:MI:SS'), N'키움', N'타자', '2015');
INSERT INTO PLAYERTBL (PLAYERNAME, BIRTH, TEAMNAME, POSI, DEBUT_YEAR) VALUES (N'김상수B', TO_DATE('1988-01-02 00:00:00', 'YYYY-MM-DD HH24:MI:SS'), N'키움', N'투수', '2006');
INSERT INTO PLAYERTBL (PLAYERNAME, BIRTH, TEAMNAME, POSI) VALUES (N'안우진', TO_DATE('1999-08-30 00:00:00', 'YYYY-MM-DD HH24:MI:SS'), N'키움', N'투수');
INSERT INTO PLAYERTBL (PLAYERNAME, BIRTH, TEAMNAME, POSI, DEBUT_YEAR) VALUES (N'에릭요키시', TO_DATE('1989-07-29 00:00:00', 'YYYY-MM-DD HH24:MI:SS'), N'키움', N'투수', '2014');
INSERT INTO PLAYERTBL (PLAYERNAME, BIRTH, TEAMNAME, POSI, DEBUT_YEAR) VALUES (N'오주원', TO_DATE('1985-03-31 00:00:00', 'YYYY-MM-DD HH24:MI:SS'), N'키움', N'투수', '2004');
INSERT INTO PLAYERTBL (PLAYERNAME, BIRTH, TEAMNAME, POSI, DEBUT_YEAR) VALUES (N'윤영삼', TO_DATE('1992-07-14 00:00:00', 'YYYY-MM-DD HH24:MI:SS'), N'키움', N'투수', '2011');
INSERT INTO PLAYERTBL (PLAYERNAME, BIRTH, TEAMNAME, POSI) VALUES (N'이보근', TO_DATE('1986-04-30 00:00:00', 'YYYY-MM-DD HH24:MI:SS'), N'키움', N'투수');
INSERT INTO PLAYERTBL (PLAYERNAME, BIRTH, TEAMNAME, POSI, DEBUT_YEAR) VALUES (N'제이크브리검', TO_DATE('1988-02-10 00:00:00', 'YYYY-MM-DD HH24:MI:SS'), N'키움', N'투수', '2006');
INSERT INTO PLAYERTBL (PLAYERNAME, BIRTH, TEAMNAME, POSI, DEBUT_YEAR) VALUES (N'조상우', TO_DATE('1994-09-04 00:00:00', 'YYYY-MM-DD HH24:MI:SS'), N'키움', N'투수', '2012');
INSERT INTO PLAYERTBL (PLAYERNAME, BIRTH, TEAMNAME, POSI, DEBUT_YEAR) VALUES (N'최원태', TO_DATE('1997-01-07 00:00:00', 'YYYY-MM-DD HH24:MI:SS'), N'키움', N'투수', '2015');
INSERT INTO PLAYERTBL (PLAYERNAME, BIRTH, TEAMNAME, POSI, DEBUT_YEAR) VALUES (N'한현희', TO_DATE('1993-06-25 00:00:00', 'YYYY-MM-DD HH24:MI:SS'), N'키움', N'투수', '2012');
INSERT INTO PLAYERTBL (PLAYERNAME, BIRTH, TEAMNAME, POSI) VALUES (N'김태균', TO_DATE('1982-05-29 00:00:00', 'YYYY-MM-DD HH24:MI:SS'), N'한화', N'타자');
INSERT INTO PLAYERTBL (PLAYERNAME, BIRTH, TEAMNAME, POSI, DEBUT_YEAR) VALUES (N'김회성', TO_DATE('1985-12-04 00:00:00', 'YYYY-MM-DD HH24:MI:SS'), N'한화', N'타자', '2009');
INSERT INTO PLAYERTBL (PLAYERNAME, BIRTH, TEAMNAME, POSI, DEBUT_YEAR) VALUES (N'송광민', TO_DATE('1983-06-24 00:00:00', 'YYYY-MM-DD HH24:MI:SS'), N'한화', N'타자', '2006');
INSERT INTO PLAYERTBL (PLAYERNAME, BIRTH, TEAMNAME, POSI, DEBUT_YEAR) VALUES (N'오선진', TO_DATE('1989-07-07 00:00:00', 'YYYY-MM-DD HH24:MI:SS'), N'한화', N'타자', '2008');
INSERT INTO PLAYERTBL (PLAYERNAME, BIRTH, TEAMNAME, POSI, DEBUT_YEAR) VALUES (N'이성열', TO_DATE('1984-07-13 00:00:00', 'YYYY-MM-DD HH24:MI:SS'), N'한화', N'타자', '2003');
INSERT INTO PLAYERTBL (PLAYERNAME, BIRTH, TEAMNAME, POSI, DEBUT_YEAR) VALUES (N'장진혁', TO_DATE('1993-09-30 00:00:00', 'YYYY-MM-DD HH24:MI:SS'), N'한화', N'타자', '2016');
INSERT INTO PLAYERTBL (PLAYERNAME, BIRTH, TEAMNAME, POSI, DEBUT_YEAR) VALUES (N'정은원', TO_DATE('2000-01-17 00:00:00', 'YYYY-MM-DD HH24:MI:SS'), N'한화', N'타자', '2018');
INSERT INTO PLAYERTBL (PLAYERNAME, BIRTH, TEAMNAME, POSI, DEBUT_YEAR) VALUES (N'제라드호잉', TO_DATE('1989-05-18 00:00:00', 'YYYY-MM-DD HH24:MI:SS'), N'한화', N'타자', '2016');
INSERT INTO PLAYERTBL (PLAYERNAME, BIRTH, TEAMNAME, POSI, DEBUT_YEAR) VALUES (N'최진행', TO_DATE('1985-08-17 00:00:00', 'YYYY-MM-DD HH24:MI:SS'), N'한화', N'타자', '2004');
INSERT INTO PLAYERTBL (PLAYERNAME, BIRTH, TEAMNAME, POSI, DEBUT_YEAR) VALUES (N'김범수', TO_DATE('1995-10-03 00:00:00', 'YYYY-MM-DD HH24:MI:SS'), N'한화', N'투수', '2015');
INSERT INTO PLAYERTBL (PLAYERNAME, BIRTH, TEAMNAME, POSI) VALUES (N'박상원', TO_DATE('1994-09-09 00:00:00', 'YYYY-MM-DD HH24:MI:SS'), N'한화', N'투수');
INSERT INTO PLAYERTBL (PLAYERNAME, BIRTH, TEAMNAME, POSI) VALUES (N'안영명', TO_DATE('1984-11-19 00:00:00', 'YYYY-MM-DD HH24:MI:SS'), N'한화', N'투수');
INSERT INTO PLAYERTBL (PLAYERNAME, BIRTH, TEAMNAME, POSI) VALUES (N'워윅서폴드', TO_DATE('1990-01-16 00:00:00', 'YYYY-MM-DD HH24:MI:SS'), N'한화', N'투수');
INSERT INTO PLAYERTBL (PLAYERNAME, BIRTH, TEAMNAME, POSI, DEBUT_YEAR) VALUES (N'이태양', TO_DATE('1990-07-03 00:00:00', 'YYYY-MM-DD HH24:MI:SS'), N'한화', N'투수', '2010');
INSERT INTO PLAYERTBL (PLAYERNAME, BIRTH, TEAMNAME, POSI, DEBUT_YEAR) VALUES (N'임준섭', TO_DATE('1989-07-16 00:00:00', 'YYYY-MM-DD HH24:MI:SS'), N'한화', N'투수', '2012');
INSERT INTO PLAYERTBL (PLAYERNAME, BIRTH, TEAMNAME, POSI, DEBUT_YEAR) VALUES (N'장민재', TO_DATE('1990-03-19 00:00:00', 'YYYY-MM-DD HH24:MI:SS'), N'한화', N'투수', '2009');
INSERT INTO PLAYERTBL (PLAYERNAME, BIRTH, TEAMNAME, POSI) VALUES (N'정우람', TO_DATE('1985-06-01 00:00:00', 'YYYY-MM-DD HH24:MI:SS'), N'한화', N'투수');
INSERT INTO PLAYERTBL (PLAYERNAME, BIRTH, TEAMNAME, POSI, DEBUT_YEAR) VALUES (N'채드벨', TO_DATE('1989-02-28 00:00:00', 'YYYY-MM-DD HH24:MI:SS'), N'한화', N'투수', '2017');


--구단
INSERT INTO TEAMTBL (TEAMNAME, WIN, LOSE, TIE, GAME_COUNT) VALUES (N'SK', '67', '31', '1', '99');
INSERT INTO TEAMTBL (TEAMNAME, WIN, LOSE, TIE, GAME_COUNT) VALUES (N'키움', '61', '40', '0', '101');
INSERT INTO TEAMTBL (TEAMNAME, WIN, LOSE, TIE, GAME_COUNT) VALUES (N'두산', '58', '40', '0', '98');
INSERT INTO TEAMTBL (TEAMNAME, WIN, LOSE, TIE, GAME_COUNT) VALUES (N'LG', '54', '42', '1', '97');
INSERT INTO TEAMTBL (TEAMNAME, WIN, LOSE, TIE, GAME_COUNT) VALUES (N'NC', '48', '48', '1', '97');
INSERT INTO TEAMTBL (TEAMNAME, WIN, LOSE, TIE, GAME_COUNT) VALUES (N'KT', '47', '51', '1', '99');
INSERT INTO TEAMTBL (TEAMNAME, WIN, LOSE, TIE, GAME_COUNT) VALUES (N'삼성', '42', '54', '1', '97');
INSERT INTO TEAMTBL (TEAMNAME, WIN, LOSE, TIE, GAME_COUNT) VALUES (N'KIA', '39', '56', '1', '96');
INSERT INTO TEAMTBL (TEAMNAME, WIN, LOSE, TIE, GAME_COUNT) VALUES (N'한화', '35', '62', '0', '97');
INSERT INTO TEAMTBL (TEAMNAME, WIN, LOSE, TIE, GAME_COUNT) VALUES (N'롯데', '34', '61', '2', '97');

--투수
INSERT INTO PICTHERTBL (PLAYERNAME, TOTAL_VICTORIES, EARNED_RUN, STRIKE_OUT, SAVES) VALUES (N'고영창', '0', '5.00', '17', '1');
INSERT INTO PICTHERTBL (PLAYERNAME, TOTAL_VICTORIES, EARNED_RUN, STRIKE_OUT, SAVES) VALUES (N'문경찬', '1', '1.49', '33', '13');
INSERT INTO PICTHERTBL (PLAYERNAME, TOTAL_VICTORIES, EARNED_RUN, STRIKE_OUT, SAVES) VALUES (N'박준표', '2', '1.57', '14', '0');
INSERT INTO PICTHERTBL (PLAYERNAME, TOTAL_VICTORIES, EARNED_RUN, STRIKE_OUT, SAVES) VALUES (N'박지훈', '1', '7.07', '10', '0');
INSERT INTO PICTHERTBL (PLAYERNAME, TOTAL_VICTORIES, EARNED_RUN, STRIKE_OUT, SAVES) VALUES (N'양현종', '10', '3.09', '109', '0');
INSERT INTO PICTHERTBL (PLAYERNAME, TOTAL_VICTORIES, EARNED_RUN, STRIKE_OUT, SAVES) VALUES (N'윌랜드', '6', '4.55', '103', '0');
INSERT INTO PICTHERTBL (PLAYERNAME, TOTAL_VICTORIES, EARNED_RUN, STRIKE_OUT, SAVES) VALUES (N'윤석민B', '0', '6.75', '29', '11');
INSERT INTO PICTHERTBL (PLAYERNAME, TOTAL_VICTORIES, EARNED_RUN, STRIKE_OUT, SAVES) VALUES (N'이민우', '1', '5.20', '26', '1');
INSERT INTO PICTHERTBL (PLAYERNAME, TOTAL_VICTORIES, EARNED_RUN, STRIKE_OUT, SAVES) VALUES (N'이준영', '1', '5.64', '19', '0');
INSERT INTO PICTHERTBL (PLAYERNAME, TOTAL_VICTORIES, EARNED_RUN, STRIKE_OUT, SAVES) VALUES (N'임기준', '1', '4.74', '11', '0');
INSERT INTO PICTHERTBL (PLAYERNAME, TOTAL_VICTORIES, EARNED_RUN, STRIKE_OUT, SAVES) VALUES (N'전상현', '1', '4.19', '38', '0');
INSERT INTO PICTHERTBL (PLAYERNAME, TOTAL_VICTORIES, EARNED_RUN, STRIKE_OUT, SAVES) VALUES (N'터너', '4', '5.56', '95', '0');
INSERT INTO PICTHERTBL (PLAYERNAME, TOTAL_VICTORIES, EARNED_RUN, STRIKE_OUT, SAVES) VALUES (N'하준영', '5', '4.11', '35', '0');
INSERT INTO PICTHERTBL (PLAYERNAME, TOTAL_VICTORIES, EARNED_RUN, STRIKE_OUT, SAVES) VALUES (N'한승혁', '7', '5.83', '65', '0');
INSERT INTO PICTHERTBL (PLAYERNAME, TOTAL_VICTORIES, EARNED_RUN, STRIKE_OUT, SAVES) VALUES (N'금민철', '1', '5.05', '26', '0');
INSERT INTO PICTHERTBL (PLAYERNAME, TOTAL_VICTORIES, EARNED_RUN, STRIKE_OUT, SAVES) VALUES (N'김민', '6', '4.57', '62', '0');
INSERT INTO PICTHERTBL (PLAYERNAME, TOTAL_VICTORIES, EARNED_RUN, STRIKE_OUT, SAVES) VALUES (N'김민수', '3', '4.30', '32', '2');
INSERT INTO PICTHERTBL (PLAYERNAME, TOTAL_VICTORIES, EARNED_RUN, STRIKE_OUT, SAVES) VALUES (N'김재윤', '1', '3.78', '15', '6');
INSERT INTO PICTHERTBL (PLAYERNAME, TOTAL_VICTORIES, EARNED_RUN, STRIKE_OUT, SAVES) VALUES (N'라울알칸타라', '8', '4.00', '75', '0');
INSERT INTO PICTHERTBL (PLAYERNAME, TOTAL_VICTORIES, EARNED_RUN, STRIKE_OUT, SAVES) VALUES (N'배제성', '4', '4.79', '54', '0');
INSERT INTO PICTHERTBL (PLAYERNAME, TOTAL_VICTORIES, EARNED_RUN, STRIKE_OUT, SAVES) VALUES (N'손동현', '2', '6.82', '19', '0');
INSERT INTO PICTHERTBL (PLAYERNAME, TOTAL_VICTORIES, EARNED_RUN, STRIKE_OUT, SAVES) VALUES (N'엄상백', '2', '8.04', '20', '0');
INSERT INTO PICTHERTBL (PLAYERNAME, TOTAL_VICTORIES, EARNED_RUN, STRIKE_OUT, SAVES) VALUES (N'윌리엄쿠에바스', '8', '3.94', '98', '0');
INSERT INTO PICTHERTBL (PLAYERNAME, TOTAL_VICTORIES, EARNED_RUN, STRIKE_OUT, SAVES) VALUES (N'이대은', '3', '4.82', '43', '8');
INSERT INTO PICTHERTBL (PLAYERNAME, TOTAL_VICTORIES, EARNED_RUN, STRIKE_OUT, SAVES) VALUES (N'전유수', '2', '4.26', '27', '0');
INSERT INTO PICTHERTBL (PLAYERNAME, TOTAL_VICTORIES, EARNED_RUN, STRIKE_OUT, SAVES) VALUES (N'정성곤', '2', '5.18', '34', '8');
INSERT INTO PICTHERTBL (PLAYERNAME, TOTAL_VICTORIES, EARNED_RUN, STRIKE_OUT, SAVES) VALUES (N'주권', '5', '3.63', '32', '1');
INSERT INTO PICTHERTBL (PLAYERNAME, TOTAL_VICTORIES, EARNED_RUN, STRIKE_OUT, SAVES) VALUES (N'고우석', '6', '1.47', '54', '20');
INSERT INTO PICTHERTBL (PLAYERNAME, TOTAL_VICTORIES, EARNED_RUN, STRIKE_OUT, SAVES) VALUES (N'김대현', '2', '5.59', '17', '0');
INSERT INTO PICTHERTBL (PLAYERNAME, TOTAL_VICTORIES, EARNED_RUN, STRIKE_OUT, SAVES) VALUES (N'윌슨', '10', '2.42', '98', '0');
INSERT INTO PICTHERTBL (PLAYERNAME, TOTAL_VICTORIES, EARNED_RUN, STRIKE_OUT, SAVES) VALUES (N'임찬규', '1', '4.5', '38', '0');
INSERT INTO PICTHERTBL (PLAYERNAME, TOTAL_VICTORIES, EARNED_RUN, STRIKE_OUT, SAVES) VALUES (N'정우영', '4', '3.12', '34', '1');
INSERT INTO PICTHERTBL (PLAYERNAME, TOTAL_VICTORIES, EARNED_RUN, STRIKE_OUT, SAVES) VALUES (N'진해수', '3', '2.93', '28', '0');
INSERT INTO PICTHERTBL (PLAYERNAME, TOTAL_VICTORIES, EARNED_RUN, STRIKE_OUT, SAVES) VALUES (N'차우찬', '7', '4.92', '85', '0');
INSERT INTO PICTHERTBL (PLAYERNAME, TOTAL_VICTORIES, EARNED_RUN, STRIKE_OUT, SAVES) VALUES (N'켈리', '10', '2.71', '95', '0');
INSERT INTO PICTHERTBL (PLAYERNAME, TOTAL_VICTORIES, EARNED_RUN, STRIKE_OUT, SAVES) VALUES (N'강윤구', '1', '5.59', '27', '0');
INSERT INTO PICTHERTBL (PLAYERNAME, TOTAL_VICTORIES, EARNED_RUN, STRIKE_OUT, SAVES) VALUES (N'구창모', '7', '2.37', '81', '0');
INSERT INTO PICTHERTBL (PLAYERNAME, TOTAL_VICTORIES, EARNED_RUN, STRIKE_OUT, SAVES) VALUES (N'김영규', '4', '6.19', '33', '0');
INSERT INTO PICTHERTBL (PLAYERNAME, TOTAL_VICTORIES, EARNED_RUN, STRIKE_OUT, SAVES) VALUES (N'김진성', '1', '4.18', '27', '0');
INSERT INTO PICTHERTBL (PLAYERNAME, TOTAL_VICTORIES, EARNED_RUN, STRIKE_OUT, SAVES) VALUES (N'드류루신스키', '5', '2.77', '83', '0');
INSERT INTO PICTHERTBL (PLAYERNAME, TOTAL_VICTORIES, EARNED_RUN, STRIKE_OUT, SAVES) VALUES (N'박진우', '5', '3.97', '66', '0');
INSERT INTO PICTHERTBL (PLAYERNAME, TOTAL_VICTORIES, EARNED_RUN, STRIKE_OUT, SAVES) VALUES (N'배재환', '2', '3.40', '50', '0');
INSERT INTO PICTHERTBL (PLAYERNAME, TOTAL_VICTORIES, EARNED_RUN, STRIKE_OUT, SAVES) VALUES (N'원종현', '3', '3.00', '40', '24');
INSERT INTO PICTHERTBL (PLAYERNAME, TOTAL_VICTORIES, EARNED_RUN, STRIKE_OUT, SAVES) VALUES (N'이민호', '0', '6.52', '4', '0');
INSERT INTO PICTHERTBL (PLAYERNAME, TOTAL_VICTORIES, EARNED_RUN, STRIKE_OUT, SAVES) VALUES (N'김광현', '12', '2.65', '126', '0');
INSERT INTO PICTHERTBL (PLAYERNAME, TOTAL_VICTORIES, EARNED_RUN, STRIKE_OUT, SAVES) VALUES (N'김태훈', '4', '2.96', '57', '7');
INSERT INTO PICTHERTBL (PLAYERNAME, TOTAL_VICTORIES, EARNED_RUN, STRIKE_OUT, SAVES) VALUES (N'문승원', '6', '4.59', '68', '0');
INSERT INTO PICTHERTBL (PLAYERNAME, TOTAL_VICTORIES, EARNED_RUN, STRIKE_OUT, SAVES) VALUES (N'박종훈', '7', '3.04', '71', '0');
INSERT INTO PICTHERTBL (PLAYERNAME, TOTAL_VICTORIES, EARNED_RUN, STRIKE_OUT, SAVES) VALUES (N'서진용', '3', '2.63', '61', '4');
INSERT INTO PICTHERTBL (PLAYERNAME, TOTAL_VICTORIES, EARNED_RUN, STRIKE_OUT, SAVES) VALUES (N'앙헬산체스', '14', '2.14', '106', '0');
INSERT INTO PICTHERTBL (PLAYERNAME, TOTAL_VICTORIES, EARNED_RUN, STRIKE_OUT, SAVES) VALUES (N'하재훈', '5', '1.65', '50', '25');
INSERT INTO PICTHERTBL (PLAYERNAME, TOTAL_VICTORIES, EARNED_RUN, STRIKE_OUT, SAVES) VALUES (N'권혁', '2', '4.84', '15', '0');
INSERT INTO PICTHERTBL (PLAYERNAME, TOTAL_VICTORIES, EARNED_RUN, STRIKE_OUT, SAVES) VALUES (N'김승회', '3', '2.29', '42', '3');
INSERT INTO PICTHERTBL (PLAYERNAME, TOTAL_VICTORIES, EARNED_RUN, STRIKE_OUT, SAVES) VALUES (N'박치국', '2', '4.23', '33', '3');
INSERT INTO PICTHERTBL (PLAYERNAME, TOTAL_VICTORIES, EARNED_RUN, STRIKE_OUT, SAVES) VALUES (N'세스후랭코프', '4', '4.41', '61', '0');
INSERT INTO PICTHERTBL (PLAYERNAME, TOTAL_VICTORIES, EARNED_RUN, STRIKE_OUT, SAVES) VALUES (N'유희관', '6', '3.29', '45', '0');
INSERT INTO PICTHERTBL (PLAYERNAME, TOTAL_VICTORIES, EARNED_RUN, STRIKE_OUT, SAVES) VALUES (N'윤명준', '4', '1.76', '22', '0');
INSERT INTO PICTHERTBL (PLAYERNAME, TOTAL_VICTORIES, EARNED_RUN, STRIKE_OUT, SAVES) VALUES (N'이영하', '10', '3.53', '60', '0');
INSERT INTO PICTHERTBL (PLAYERNAME, TOTAL_VICTORIES, EARNED_RUN, STRIKE_OUT, SAVES) VALUES (N'조쉬린드블럼', '16', '2.00', '132', '0');
INSERT INTO PICTHERTBL (PLAYERNAME, TOTAL_VICTORIES, EARNED_RUN, STRIKE_OUT, SAVES) VALUES (N'함덕주', '1', '3.25', '29', '15');
INSERT INTO PICTHERTBL (PLAYERNAME, TOTAL_VICTORIES, EARNED_RUN, STRIKE_OUT, SAVES) VALUES (N'고효준', '2', '5.52', '53', '0');
INSERT INTO PICTHERTBL (PLAYERNAME, TOTAL_VICTORIES, EARNED_RUN, STRIKE_OUT, SAVES) VALUES (N'구승민', '1', '6.25', '43', '2');
INSERT INTO PICTHERTBL (PLAYERNAME, TOTAL_VICTORIES, EARNED_RUN, STRIKE_OUT, SAVES) VALUES (N'박시영', '1', '4.72', '46', '0');
INSERT INTO PICTHERTBL (PLAYERNAME, TOTAL_VICTORIES, EARNED_RUN, STRIKE_OUT, SAVES) VALUES (N'브룩스레일리', '5', '3.61', '102', '0');
INSERT INTO PICTHERTBL (PLAYERNAME, TOTAL_VICTORIES, EARNED_RUN, STRIKE_OUT, SAVES) VALUES (N'손승락', '3', '4.46', '35', '4');
INSERT INTO PICTHERTBL (PLAYERNAME, TOTAL_VICTORIES, EARNED_RUN, STRIKE_OUT, SAVES) VALUES (N'장시환', '5', '5.27', '70', '0');
INSERT INTO PICTHERTBL (PLAYERNAME, TOTAL_VICTORIES, EARNED_RUN, STRIKE_OUT, SAVES) VALUES (N'정성종', '1', '4.98', '20', '0');
INSERT INTO PICTHERTBL (PLAYERNAME, TOTAL_VICTORIES, EARNED_RUN, STRIKE_OUT, SAVES) VALUES (N'진명호', '1', '3.27', '41', '0');
INSERT INTO PICTHERTBL (PLAYERNAME, TOTAL_VICTORIES, EARNED_RUN, STRIKE_OUT, SAVES) VALUES (N'권오준', '2', '3.58', '21', '0');
INSERT INTO PICTHERTBL (PLAYERNAME, TOTAL_VICTORIES, EARNED_RUN, STRIKE_OUT, SAVES) VALUES (N'백정현', '4', '4.80', '56', '0');
INSERT INTO PICTHERTBL (PLAYERNAME, TOTAL_VICTORIES, EARNED_RUN, STRIKE_OUT, SAVES) VALUES (N'우규민', '2', '2.48', '27', '6');
INSERT INTO PICTHERTBL (PLAYERNAME, TOTAL_VICTORIES, EARNED_RUN, STRIKE_OUT, SAVES) VALUES (N'원태인', '4', '2.98', '51', '0');
INSERT INTO PICTHERTBL (PLAYERNAME, TOTAL_VICTORIES, EARNED_RUN, STRIKE_OUT, SAVES) VALUES (N'윤성환', '6', '4.42', '47', '0');
INSERT INTO PICTHERTBL (PLAYERNAME, TOTAL_VICTORIES, EARNED_RUN, STRIKE_OUT, SAVES) VALUES (N'임현준', '0', '2.76', '26', '0');
INSERT INTO PICTHERTBL (PLAYERNAME, TOTAL_VICTORIES, EARNED_RUN, STRIKE_OUT, SAVES) VALUES (N'장필준', '2', '3.94', '38', '11');
INSERT INTO PICTHERTBL (PLAYERNAME, TOTAL_VICTORIES, EARNED_RUN, STRIKE_OUT, SAVES) VALUES (N'최지광', '3', '3.44', '45', '2');
INSERT INTO PICTHERTBL (PLAYERNAME, TOTAL_VICTORIES, EARNED_RUN, STRIKE_OUT, SAVES) VALUES (N'최재흥', '4', '5.37', '55', '0');
INSERT INTO PICTHERTBL (PLAYERNAME, TOTAL_VICTORIES, EARNED_RUN, STRIKE_OUT, SAVES) VALUES (N'최충연', '0', '8.10', '34', '1');
INSERT INTO PICTHERTBL (PLAYERNAME, TOTAL_VICTORIES, EARNED_RUN, STRIKE_OUT, SAVES) VALUES (N'김상수B', '2', '2.52', '44', '0');
INSERT INTO PICTHERTBL (PLAYERNAME, TOTAL_VICTORIES, EARNED_RUN, STRIKE_OUT, SAVES) VALUES (N'안우진', '6', '5.15', '76', '0');
INSERT INTO PICTHERTBL (PLAYERNAME, TOTAL_VICTORIES, EARNED_RUN, STRIKE_OUT, SAVES) VALUES (N'에릭요키시', '9', '3.08', '107', '0');
INSERT INTO PICTHERTBL (PLAYERNAME, TOTAL_VICTORIES, EARNED_RUN, STRIKE_OUT, SAVES) VALUES (N'오주원', '1', '1.86', '29', '14');
INSERT INTO PICTHERTBL (PLAYERNAME, TOTAL_VICTORIES, EARNED_RUN, STRIKE_OUT, SAVES) VALUES (N'윤영삼', '3', '3.60', '35', '1');
INSERT INTO PICTHERTBL (PLAYERNAME, TOTAL_VICTORIES, EARNED_RUN, STRIKE_OUT, SAVES) VALUES (N'이보근', '0', '9.72', '12', '0');
INSERT INTO PICTHERTBL (PLAYERNAME, TOTAL_VICTORIES, EARNED_RUN, STRIKE_OUT, SAVES) VALUES (N'제이크브리검', '8', '2.81', '80', '0');
INSERT INTO PICTHERTBL (PLAYERNAME, TOTAL_VICTORIES, EARNED_RUN, STRIKE_OUT, SAVES) VALUES (N'조상우', '2', '3.10', '35', '18');
INSERT INTO PICTHERTBL (PLAYERNAME, TOTAL_VICTORIES, EARNED_RUN, STRIKE_OUT, SAVES) VALUES (N'최원태', '7', '4.14', '71', '0');
INSERT INTO PICTHERTBL (PLAYERNAME, TOTAL_VICTORIES, EARNED_RUN, STRIKE_OUT, SAVES) VALUES (N'한현희', '7', '3.64', '17', '0');
INSERT INTO PICTHERTBL (PLAYERNAME, TOTAL_VICTORIES, EARNED_RUN, STRIKE_OUT, SAVES) VALUES (N'김범수', '3', '5.67', '65', '0');
INSERT INTO PICTHERTBL (PLAYERNAME, TOTAL_VICTORIES, EARNED_RUN, STRIKE_OUT, SAVES) VALUES (N'박상원', '0', '4.09', '26', '0');
INSERT INTO PICTHERTBL (PLAYERNAME, TOTAL_VICTORIES, EARNED_RUN, STRIKE_OUT, SAVES) VALUES (N'안영명', '4', '3.45', '35', '0');
INSERT INTO PICTHERTBL (PLAYERNAME, TOTAL_VICTORIES, EARNED_RUN, STRIKE_OUT, SAVES) VALUES (N'워윅서폴드', '6', '4.39', '94', '0');
INSERT INTO PICTHERTBL (PLAYERNAME, TOTAL_VICTORIES, EARNED_RUN, STRIKE_OUT, SAVES) VALUES (N'이태양', '1', '6.61', '37', '0');
INSERT INTO PICTHERTBL (PLAYERNAME, TOTAL_VICTORIES, EARNED_RUN, STRIKE_OUT, SAVES) VALUES (N'임준섭', '0', '3.38', '13', '0');
INSERT INTO PICTHERTBL (PLAYERNAME, TOTAL_VICTORIES, EARNED_RUN, STRIKE_OUT, SAVES) VALUES (N'장민재', '6', '4.81', '84', '0');
INSERT INTO PICTHERTBL (PLAYERNAME, TOTAL_VICTORIES, EARNED_RUN, STRIKE_OUT, SAVES) VALUES (N'정우람', '4', '1.96', '28', '0');
INSERT INTO PICTHERTBL (PLAYERNAME, TOTAL_VICTORIES, EARNED_RUN, STRIKE_OUT, SAVES) VALUES (N'채드벨', '5', '4.15', '92', '0');


--타자
INSERT INTO HITTERTBL (PLAYERNAME, BATTING_AVERAGE, RBI, HOMERUN, STOLEN_BASE) VALUES (N'김선빈', '0.295', '29', '3', '4');
INSERT INTO HITTERTBL (PLAYERNAME, BATTING_AVERAGE, RBI, HOMERUN, STOLEN_BASE) VALUES (N'김주찬', '0.281', '23', '1', '1');
INSERT INTO HITTERTBL (PLAYERNAME, BATTING_AVERAGE, RBI, HOMERUN, STOLEN_BASE) VALUES (N'나지완', '0.194', '17', '6', '0');
INSERT INTO HITTERTBL (PLAYERNAME, BATTING_AVERAGE, RBI, HOMERUN, STOLEN_BASE) VALUES (N'류승현', '0.256', '10', '0', '3');
INSERT INTO HITTERTBL (PLAYERNAME, BATTING_AVERAGE, RBI, HOMERUN, STOLEN_BASE) VALUES (N'박준태', '0.171', '4', '0', '1');
INSERT INTO HITTERTBL (PLAYERNAME, BATTING_AVERAGE, RBI, HOMERUN, STOLEN_BASE) VALUES (N'박찬호', '0.288', '33', '2', '22');
INSERT INTO HITTERTBL (PLAYERNAME, BATTING_AVERAGE, RBI, HOMERUN, STOLEN_BASE) VALUES (N'서동욱', '0.204', '2', '0', '0');
INSERT INTO HITTERTBL (PLAYERNAME, BATTING_AVERAGE, RBI, HOMERUN, STOLEN_BASE) VALUES (N'안치홍', '0.321', '37', '3', '4');
INSERT INTO HITTERTBL (PLAYERNAME, BATTING_AVERAGE, RBI, HOMERUN, STOLEN_BASE) VALUES (N'오선우', '0.200', '4', '1', '0');
INSERT INTO HITTERTBL (PLAYERNAME, BATTING_AVERAGE, RBI, HOMERUN, STOLEN_BASE) VALUES (N'유민상', '0.378', '7', '0', '0');
INSERT INTO HITTERTBL (PLAYERNAME, BATTING_AVERAGE, RBI, HOMERUN, STOLEN_BASE) VALUES (N'유재신', '0.250', '5', '0', '2');
INSERT INTO HITTERTBL (PLAYERNAME, BATTING_AVERAGE, RBI, HOMERUN, STOLEN_BASE) VALUES (N'이우성', '0.266', '19', '6', '0');
INSERT INTO HITTERTBL (PLAYERNAME, BATTING_AVERAGE, RBI, HOMERUN, STOLEN_BASE) VALUES (N'이창진', '0.267', '30', '3', '6');
INSERT INTO HITTERTBL (PLAYERNAME, BATTING_AVERAGE, RBI, HOMERUN, STOLEN_BASE) VALUES (N'최원진', '0.216', '16', '1', '7');
INSERT INTO HITTERTBL (PLAYERNAME, BATTING_AVERAGE, RBI, HOMERUN, STOLEN_BASE) VALUES (N'강민국', '0.269', '5', '0', '2');
INSERT INTO HITTERTBL (PLAYERNAME, BATTING_AVERAGE, RBI, HOMERUN, STOLEN_BASE) VALUES (N'강백호', '0.339', '38', '8', '9');
INSERT INTO HITTERTBL (PLAYERNAME, BATTING_AVERAGE, RBI, HOMERUN, STOLEN_BASE) VALUES (N'김민혁', '0.302', '24', '0', '14');
INSERT INTO HITTERTBL (PLAYERNAME, BATTING_AVERAGE, RBI, HOMERUN, STOLEN_BASE) VALUES (N'멜로하스주니어', '0.331', '73', '16', '4');
INSERT INTO HITTERTBL (PLAYERNAME, BATTING_AVERAGE, RBI, HOMERUN, STOLEN_BASE) VALUES (N'박경수', '0.236', '47', '7', '0');
INSERT INTO HITTERTBL (PLAYERNAME, BATTING_AVERAGE, RBI, HOMERUN, STOLEN_BASE) VALUES (N'배정대', '0.278', '4', '0', '0');
INSERT INTO HITTERTBL (PLAYERNAME, BATTING_AVERAGE, RBI, HOMERUN, STOLEN_BASE) VALUES (N'송민섭', '0.293', '3', '0', '0');
INSERT INTO HITTERTBL (PLAYERNAME, BATTING_AVERAGE, RBI, HOMERUN, STOLEN_BASE) VALUES (N'심우준', '0.251', '16', '2', '8');
INSERT INTO HITTERTBL (PLAYERNAME, BATTING_AVERAGE, RBI, HOMERUN, STOLEN_BASE) VALUES (N'오태곤', '0.273', '27', '5', '14');
INSERT INTO HITTERTBL (PLAYERNAME, BATTING_AVERAGE, RBI, HOMERUN, STOLEN_BASE) VALUES (N'유한준', '0.315', '66', '10', '3');
INSERT INTO HITTERTBL (PLAYERNAME, BATTING_AVERAGE, RBI, HOMERUN, STOLEN_BASE) VALUES (N'윤석민A', '0.255', '16', '2', '0');
INSERT INTO HITTERTBL (PLAYERNAME, BATTING_AVERAGE, RBI, HOMERUN, STOLEN_BASE) VALUES (N'조용호', '0.310', '16', '0', '2');
INSERT INTO HITTERTBL (PLAYERNAME, BATTING_AVERAGE, RBI, HOMERUN, STOLEN_BASE) VALUES (N'황재균', '0.268', '46', '13', '7');
INSERT INTO HITTERTBL (PLAYERNAME, BATTING_AVERAGE, RBI, HOMERUN, STOLEN_BASE) VALUES (N'김민성', '0.231', '23', '4', '2');
INSERT INTO HITTERTBL (PLAYERNAME, BATTING_AVERAGE, RBI, HOMERUN, STOLEN_BASE) VALUES (N'김현수', '0.312', '61', '9', '2');
INSERT INTO HITTERTBL (PLAYERNAME, BATTING_AVERAGE, RBI, HOMERUN, STOLEN_BASE) VALUES (N'박용택', '0.255', '18', '1', '3');
INSERT INTO HITTERTBL (PLAYERNAME, BATTING_AVERAGE, RBI, HOMERUN, STOLEN_BASE) VALUES (N'오지환', '0.243', '34', '6', '14');
INSERT INTO HITTERTBL (PLAYERNAME, BATTING_AVERAGE, RBI, HOMERUN, STOLEN_BASE) VALUES (N'이천웅', '0.315', '38', '2', '14');
INSERT INTO HITTERTBL (PLAYERNAME, BATTING_AVERAGE, RBI, HOMERUN, STOLEN_BASE) VALUES (N'이형종', '0.282', '39', '9', '6');
INSERT INTO HITTERTBL (PLAYERNAME, BATTING_AVERAGE, RBI, HOMERUN, STOLEN_BASE) VALUES (N'정주현', '0.229', '23', '2', '13');
INSERT INTO HITTERTBL (PLAYERNAME, BATTING_AVERAGE, RBI, HOMERUN, STOLEN_BASE) VALUES (N'채은성', '0.314', '42', '6', '1');
INSERT INTO HITTERTBL (PLAYERNAME, BATTING_AVERAGE, RBI, HOMERUN, STOLEN_BASE) VALUES (N'강진성', '0.267', '14', '2', '2');
INSERT INTO HITTERTBL (PLAYERNAME, BATTING_AVERAGE, RBI, HOMERUN, STOLEN_BASE) VALUES (N'권희동', '0.255', '33', '3', '3');
INSERT INTO HITTERTBL (PLAYERNAME, BATTING_AVERAGE, RBI, HOMERUN, STOLEN_BASE) VALUES (N'김성욱', '0.180', '16', '2', '3');
INSERT INTO HITTERTBL (PLAYERNAME, BATTING_AVERAGE, RBI, HOMERUN, STOLEN_BASE) VALUES (N'김태진', '0.276', '35', '5', '9');
INSERT INTO HITTERTBL (PLAYERNAME, BATTING_AVERAGE, RBI, HOMERUN, STOLEN_BASE) VALUES (N'나성범', '0.366', '14', '4', '2');
INSERT INTO HITTERTBL (PLAYERNAME, BATTING_AVERAGE, RBI, HOMERUN, STOLEN_BASE) VALUES (N'노진혁', '0.259', '39', '11', '0');
INSERT INTO HITTERTBL (PLAYERNAME, BATTING_AVERAGE, RBI, HOMERUN, STOLEN_BASE) VALUES (N'모창민', '0.333', '32', '7', '2');
INSERT INTO HITTERTBL (PLAYERNAME, BATTING_AVERAGE, RBI, HOMERUN, STOLEN_BASE) VALUES (N'박석민', '0.300', '59', '15', '1');
INSERT INTO HITTERTBL (PLAYERNAME, BATTING_AVERAGE, RBI, HOMERUN, STOLEN_BASE) VALUES (N'손시헌', '0.276', '10', '2', '1');
INSERT INTO HITTERTBL (PLAYERNAME, BATTING_AVERAGE, RBI, HOMERUN, STOLEN_BASE) VALUES (N'고종욱', '0.325', '43', '2', '20');
INSERT INTO HITTERTBL (PLAYERNAME, BATTING_AVERAGE, RBI, HOMERUN, STOLEN_BASE) VALUES (N'김강민', '0.276', '34', '5', '12');
INSERT INTO HITTERTBL (PLAYERNAME, BATTING_AVERAGE, RBI, HOMERUN, STOLEN_BASE) VALUES (N'김성현', '0.257', '25', '1', '4');
INSERT INTO HITTERTBL (PLAYERNAME, BATTING_AVERAGE, RBI, HOMERUN, STOLEN_BASE) VALUES (N'정의윤', '0.280', '44', '8', '0');
INSERT INTO HITTERTBL (PLAYERNAME, BATTING_AVERAGE, RBI, HOMERUN, STOLEN_BASE) VALUES (N'제이미로맥', '0.275', '73', '22', '5');
INSERT INTO HITTERTBL (PLAYERNAME, BATTING_AVERAGE, RBI, HOMERUN, STOLEN_BASE) VALUES (N'최정', '0.302', '79', '22', '0');
INSERT INTO HITTERTBL (PLAYERNAME, BATTING_AVERAGE, RBI, HOMERUN, STOLEN_BASE) VALUES (N'한동민', '0.290', '87', '10', '0');
INSERT INTO HITTERTBL (PLAYERNAME, BATTING_AVERAGE, RBI, HOMERUN, STOLEN_BASE) VALUES (N'김재호', '0.287', '31', '2', '3');
INSERT INTO HITTERTBL (PLAYERNAME, BATTING_AVERAGE, RBI, HOMERUN, STOLEN_BASE) VALUES (N'김재환', '0.284', '74', '13', '1');
INSERT INTO HITTERTBL (PLAYERNAME, BATTING_AVERAGE, RBI, HOMERUN, STOLEN_BASE) VALUES (N'류지혁', '0.253', '25', '0', '11');
INSERT INTO HITTERTBL (PLAYERNAME, BATTING_AVERAGE, RBI, HOMERUN, STOLEN_BASE) VALUES (N'박건우', '0.309', '46', '7', '7');
INSERT INTO HITTERTBL (PLAYERNAME, BATTING_AVERAGE, RBI, HOMERUN, STOLEN_BASE) VALUES (N'오재일', '0.278', '59', '12', '2');
INSERT INTO HITTERTBL (PLAYERNAME, BATTING_AVERAGE, RBI, HOMERUN, STOLEN_BASE) VALUES (N'정진호', '0.222', '3', '1', '5');
INSERT INTO HITTERTBL (PLAYERNAME, BATTING_AVERAGE, RBI, HOMERUN, STOLEN_BASE) VALUES (N'최주환', '0.287', '30', '2', '0');
INSERT INTO HITTERTBL (PLAYERNAME, BATTING_AVERAGE, RBI, HOMERUN, STOLEN_BASE) VALUES (N'페르난데스', '0.338', '66', '13', '0');
INSERT INTO HITTERTBL (PLAYERNAME, BATTING_AVERAGE, RBI, HOMERUN, STOLEN_BASE) VALUES (N'허경민', '0.282', '37', '4', '2');
INSERT INTO HITTERTBL (PLAYERNAME, BATTING_AVERAGE, RBI, HOMERUN, STOLEN_BASE) VALUES (N'강로한', '0.257', '17', '2', '4');
INSERT INTO HITTERTBL (PLAYERNAME, BATTING_AVERAGE, RBI, HOMERUN, STOLEN_BASE) VALUES (N'민병헌', '0.315', '26', '5', '11');
INSERT INTO HITTERTBL (PLAYERNAME, BATTING_AVERAGE, RBI, HOMERUN, STOLEN_BASE) VALUES (N'손아섭', '0.288', '46', '6', '11');
INSERT INTO HITTERTBL (PLAYERNAME, BATTING_AVERAGE, RBI, HOMERUN, STOLEN_BASE) VALUES (N'이대호', '0.278', '71', '12', '0');
INSERT INTO HITTERTBL (PLAYERNAME, BATTING_AVERAGE, RBI, HOMERUN, STOLEN_BASE) VALUES (N'전준우', '0.311', '61', '17', '7');
INSERT INTO HITTERTBL (PLAYERNAME, BATTING_AVERAGE, RBI, HOMERUN, STOLEN_BASE) VALUES (N'제이콥윌슨', '0.222', '14', '3', '1');
INSERT INTO HITTERTBL (PLAYERNAME, BATTING_AVERAGE, RBI, HOMERUN, STOLEN_BASE) VALUES (N'채태인', '0.219', '19', '3', '0');
INSERT INTO HITTERTBL (PLAYERNAME, BATTING_AVERAGE, RBI, HOMERUN, STOLEN_BASE) VALUES (N'한동희', '0.226', '7', '2', '1');
INSERT INTO HITTERTBL (PLAYERNAME, BATTING_AVERAGE, RBI, HOMERUN, STOLEN_BASE) VALUES (N'구자욱', '0.282', '51', '11', '7');
INSERT INTO HITTERTBL (PLAYERNAME, BATTING_AVERAGE, RBI, HOMERUN, STOLEN_BASE) VALUES (N'김동엽', '0.240', '20', '5', '1');
INSERT INTO HITTERTBL (PLAYERNAME, BATTING_AVERAGE, RBI, HOMERUN, STOLEN_BASE) VALUES (N'김상수A', '0.296', '34', '5', '21');
INSERT INTO HITTERTBL (PLAYERNAME, BATTING_AVERAGE, RBI, HOMERUN, STOLEN_BASE) VALUES (N'김성훈', '0.200', '5', '1', '4');
INSERT INTO HITTERTBL (PLAYERNAME, BATTING_AVERAGE, RBI, HOMERUN, STOLEN_BASE) VALUES (N'김헌곤', '0.300', '38', '4', '8');
INSERT INTO HITTERTBL (PLAYERNAME, BATTING_AVERAGE, RBI, HOMERUN, STOLEN_BASE) VALUES (N'다린러프', '0.291', '68', '15', '3');
INSERT INTO HITTERTBL (PLAYERNAME, BATTING_AVERAGE, RBI, HOMERUN, STOLEN_BASE) VALUES (N'박해민', '0.258', '27', '5', '16');
INSERT INTO HITTERTBL (PLAYERNAME, BATTING_AVERAGE, RBI, HOMERUN, STOLEN_BASE) VALUES (N'이원석', '0.272', '49', '13', '2');
INSERT INTO HITTERTBL (PLAYERNAME, BATTING_AVERAGE, RBI, HOMERUN, STOLEN_BASE) VALUES (N'이학주', '0.257', '28', '6', '14');
INSERT INTO HITTERTBL (PLAYERNAME, BATTING_AVERAGE, RBI, HOMERUN, STOLEN_BASE) VALUES (N'최영진', '0.253', '18', '4', '4');
INSERT INTO HITTERTBL (PLAYERNAME, BATTING_AVERAGE, RBI, HOMERUN, STOLEN_BASE) VALUES (N'김혜성', '0.257', '19', '0', '9');
INSERT INTO HITTERTBL (PLAYERNAME, BATTING_AVERAGE, RBI, HOMERUN, STOLEN_BASE) VALUES (N'박병호', '0.285', '61', '18', '0');
INSERT INTO HITTERTBL (PLAYERNAME, BATTING_AVERAGE, RBI, HOMERUN, STOLEN_BASE) VALUES (N'박정음', '0.216', '4', '0', '4');
INSERT INTO HITTERTBL (PLAYERNAME, BATTING_AVERAGE, RBI, HOMERUN, STOLEN_BASE) VALUES (N'서건창', '0.293', '24', '0', '12');
INSERT INTO HITTERTBL (PLAYERNAME, BATTING_AVERAGE, RBI, HOMERUN, STOLEN_BASE) VALUES (N'송성문', '0.239', '25', '2', '2');
INSERT INTO HITTERTBL (PLAYERNAME, BATTING_AVERAGE, RBI, HOMERUN, STOLEN_BASE) VALUES (N'이정후', '0.321', '45', '5', '12');
INSERT INTO HITTERTBL (PLAYERNAME, BATTING_AVERAGE, RBI, HOMERUN, STOLEN_BASE) VALUES (N'임병욱', '0.229', '32', '0', '6');
INSERT INTO HITTERTBL (PLAYERNAME, BATTING_AVERAGE, RBI, HOMERUN, STOLEN_BASE) VALUES (N'장영석', '0.252', '56', '7', '0');
INSERT INTO HITTERTBL (PLAYERNAME, BATTING_AVERAGE, RBI, HOMERUN, STOLEN_BASE) VALUES (N'제리샌즈', '0.325', '88', '21', '1');
INSERT INTO HITTERTBL (PLAYERNAME, BATTING_AVERAGE, RBI, HOMERUN, STOLEN_BASE) VALUES (N'허정협', '0.227', '8', '0', '0');
INSERT INTO HITTERTBL (PLAYERNAME, BATTING_AVERAGE, RBI, HOMERUN, STOLEN_BASE) VALUES (N'김태균', '0.309', '43', '5', '3');
INSERT INTO HITTERTBL (PLAYERNAME, BATTING_AVERAGE, RBI, HOMERUN, STOLEN_BASE) VALUES (N'김회성', '0.226', '10', '2', '2');
INSERT INTO HITTERTBL (PLAYERNAME, BATTING_AVERAGE, RBI, HOMERUN, STOLEN_BASE) VALUES (N'송광민', '0.257', '38', '6', '7');
INSERT INTO HITTERTBL (PLAYERNAME, BATTING_AVERAGE, RBI, HOMERUN, STOLEN_BASE) VALUES (N'오선진', '0.253', '25', '3', '7');
INSERT INTO HITTERTBL (PLAYERNAME, BATTING_AVERAGE, RBI, HOMERUN, STOLEN_BASE) VALUES (N'이성열', '0.252', '62', '18', '7');
INSERT INTO HITTERTBL (PLAYERNAME, BATTING_AVERAGE, RBI, HOMERUN, STOLEN_BASE) VALUES (N'장진혁', '0.229', '16', '1', '9');
INSERT INTO HITTERTBL (PLAYERNAME, BATTING_AVERAGE, RBI, HOMERUN, STOLEN_BASE) VALUES (N'정은원', '0.279', '45', '5', '13');
INSERT INTO HITTERTBL (PLAYERNAME, BATTING_AVERAGE, RBI, HOMERUN, STOLEN_BASE) VALUES (N'제라드호잉', '0.289', '58', '15', '16');
INSERT INTO HITTERTBL (PLAYERNAME, BATTING_AVERAGE, RBI, HOMERUN, STOLEN_BASE) VALUES (N'최진행', '0.184', '14', '3', '0');

--외래키
ALTER TABLE PLAYERTBL
ADD CONSTRAINT PLAYERTBL_FK1 FOREIGN KEY
(
  TEAMNAME 
)
REFERENCES TEAMTBL
(
  TEAMNAME 
)
ENABLE;



--뷰 생성
CREATE VIEW BALL.PLAYERTBL_VIEW AS SELECT PLAYERNAME, TEAMNAME, POSI FROM BALL.PLAYERTBL;

--JOIN사용하여 타자 선수들 출력
SELECT PLAYERTBL.PLAYERNAME, PLAYERTBL.TEAMNAME, PLAYERTBL.POSI, HITTERTBL.BATTING_AVERAGE, HITTERTBL.RBI, HITTERTBL.HOMERUN, HITTERTBL.STOLEN_BASE
FROM PLAYERTBL, HITTERTBL 
WHERE PLAYERTBL.PLAYERNAME = HITTERTBL.PLAYERNAME;

--JOIN사용하여 투수 선수들 출력
SELECT PLAYERTBL.PLAYERNAME, PLAYERTBL.TEAMNAME, PLAYERTBL.POSI, PICTHERTBL.TOTAL_VICTORIES, PICTHERTBL.EARNED_RUN, PICTHERTBL.STRIKE_OUT, PICTHERTBL.SAVES
FROM PLAYERTBL, PICTHERTBL 
WHERE PLAYERTBL.PLAYERNAME = PICTHERTBL.PLAYERNAME;
